place, horse_no, horse_name, horse_id, jockey, trainer, actual_weight, declared_weight, draw, length_behind_winner, finish_time, win_odds, running_position_1, running_position_2, running_position_3, running_position_4, running_position_5, running_position_6

1,3,FASTER FASTER,G010,C Soumillon,D E Ferraris,129,1245,6,-,1.10.60,6.6,11,NA,NA,NA,NA,NA
2,4,NAMJONG SKY,H129,B Prebble,D J Hall,126,1144,7,3/4,1.10.70,5.7,7,NA,NA,NA,NA,NA
3 DH,2,PALIO KING,G073,G Mosse,A Lee,132,1115,4,1-1/4,1.10.80,5.3,9,NA,NA,NA,NA,NA
3 DH,11,MUTUAL GAIN,E275,M W Leung,T W Leung,112,1074,5,1-1/4,1.10.80,9.7,6,NA,NA,NA,NA,NA
5,12,AMBITION,CC07,W M Lai,K W Lui,113,1072,3,3,1.11.10,13,8,NA,NA,NA,NA,NA
6,8,MASTER YING,CB24,E Saint-Martin,T K Ng,120,1171,8,3-3/4,1.11.20,6.6,NA,NA,NA,NA,NA,NA
7,9,UNIVERSAL PIONEER,CB29,C K Tong,C S Shum,114,1154,10,5,1.11.40,11,4,NA,NA,NA,NA,NA
8,5,STEP FORWARD,CB16,K T Yeung,A Schutz,116,1120,9,5-1/2,1.11.50,63,12,NA,NA,NA,NA,NA
9,7,SIMPLY THE BEST,E014,P H Lo,D Cruz,115,1138,12,6-1/2,1.11.60,55,9,NA,NA,NA,NA,NA
10,10,LUCKY MAN,G061,Z Purton,T K Ng,118,1163,2,12-1/4,1.12.50,34,NA,NA,NA,NA,NA,NA
11,1,DIAGHILEV,H241,K L Chui,A Schutz,127,1083,1,12-1/4,1.12.60,7.4,5,NA,NA,NA,NA,NA
12,6,MAJIN BUU,CC33,D Whyte,Y S Tsui,122,1088,11,14,1.12.80,11,NA,NA,NA,NA,NA,NA
1,1,ACCELERATOR,G179,C Soumillon,S Woods,133,933,7,-,1.36.40,3.7,9,NA,NA,NA,NA,NA
2,11,WAVY PEAK,CD08,G Boss,P F Yiu,118,1115,2,SH,1.36.40,3.5,NA,NA,NA,NA,NA,NA
3,5,DONGGUAN VICTORY,CB38,S K Sit,Y S Tsui,124,1063,6,2-3/4,1.36.90,25,NA,NA,NA,NA,NA,NA
4,7,RISING WIN,CC08,M W Leung,T W Leung,118,1094,8,2-3/4,1.36.90,12,11,NA,NA,NA,NA,NA
5,2,PILLOW KING,E291,O Doleuze,A Schutz,130,1072,12,3-3/4,1.37.00,33,NA,NA,NA,NA,NA,NA
6,4,FANTASTIC WIN,CB18,P H Lo,Y S Tsui,120,1052,9,4-1/2,1.37.10,35,NA,NA,NA,NA,NA,NA
7,8,STAR PRODIGY,CD29,C K Tong,C Fownes,118,1112,5,4-3/4,1.37.20,6.5,2,NA,NA,NA,NA,NA
8,12,SPEED OF LIGHT,CC33,F Coetzee,B K Ng,117,1129,4,5-1/4,1.37.20,9,6,NA,NA,NA,NA,NA
9,9,DANZIGMOUNTAIN,G139,E Saint-Martin,C S Shum,120,1019,10,7-1/4,1.37.60,45,13,NA,NA,NA,NA,NA
10,6,VITALITY CHAMP,CD30,D Whyte,T K Ng,126,1155,3,7-1/2,1.37.60,7.9,4,NA,NA,NA,NA,NA
11,10,MULLAAD,G259,M Nunes,D Cruz,118,1104,11,7-3/4,1.37.60,27,10,NA,NA,NA,NA,NA
12,13,FABULOUS TREASURE,G069,K L Chui,A Schutz,108,1104,13,9-1/4,1.37.90,33,NA,NA,NA,NA,NA,NA
13,3,TOP SPEED,H019,W M Lai,K W Lui,128,1051,1,14-1/4,1.38.70,85,8,NA,NA,NA,NA,NA
1,4,LIVERBIRD,E055,E Saint-Martin,C S Shum,129,1133,6,-,1.35.00,8.4,12,NA,NA,NA,NA,NA
2,6,KING OF FISH,CB10,D Beadman,K L Man,127,1140,13,2-1/2,1.35.40,10,7,NA,NA,NA,NA,NA
3,9,KEY WINNER,G157,O Doleuze,A Schutz,121,1039,7,4-1/4,1.35.70,13,NA,NA,NA,NA,NA,NA
4,14,ABLE STANDARD,G043,M Nunes,K W Lui,114,1064,12,4-1/2,1.35.70,15,5,NA,NA,NA,NA,NA
5,3,CHAMPION PIONEER,G305,G Mosse,A Lee,130,1061,11,5-3/4,1.35.90,5.4,8,NA,NA,NA,NA,NA
6,8,EXPEDITIOUS,E136,K T Yeung,B K Ng,114,1108,1,7-1/2,1.36.20,8.2,4,NA,NA,NA,NA,NA
7,10,KINGSTON TEMPLE,H234,W M Lai,T K Ng,118,1120,2,8,1.36.30,86,10,NA,NA,NA,NA,NA
8,12,ALWAYS ZIETEN,CB09,H W Lai,L Ho,113,1131,4,8-1/4,1.36.30,79,NA,NA,NA,NA,NA,NA
9,13,NIGHT HUNTER III,H102,Z Purton,T W Leung,118,1188,3,10-1/4,1.36.60,6.8,9,NA,NA,NA,NA,NA
10,5,EASY GAME,CC34,S Dye,P O'Sullivan,128,1099,10,10-1/2,1.36.70,25,13,NA,NA,NA,NA,NA
11,2,WONDERFUL BLESSING,E198,K L Chui,D J Hall,127,1150,8,11-1/2,1.36.80,4,3,NA,NA,NA,NA,NA
12,11,PICTURE PERFECT,CD29,M W Leung,Y S Tsui,114,1141,9,16-3/4,1.37.70,13,1,NA,NA,NA,NA,NA
13,7,MIRACULOUS,E115,C K Tong,D Cruz,122,1239,5,17,1.37.70,39,NA,NA,NA,NA,NA,NA
WV,1,UNIQUE JEWELLERY,H196,D Whyte,J Size,132,1090,---,---,---,---,NA,NA,NA,NA,NA,NA
1,1,MY HOME TOWN,H331,D Whyte,J Size,129,1103,8,-,1.10.10,2.2,4,NA,NA,NA,NA,NA
2,14,OPTIC KING,E139,H W Lai,B K Ng,110,1084,3,1-1/2,1.10.40,17,2,NA,NA,NA,NA,NA
3,2,NEW TRIUMPH,G105,S K Sit,Y S Tsui,127,1135,11,2-1/2,1.10.50,67,NA,NA,NA,NA,NA,NA
4,4,BOUNCER,J074,S Dye,C Fownes,123,1161,2,2-1/2,1.10.50,18,11,NA,NA,NA,NA,NA
5,10,MINGS' HERO,J011,G Boss,C H Yip,121,1087,1,2-1/2,1.10.50,7.5,7,NA,NA,NA,NA,NA
6,11,SUNNY GOLF,H138,D Beadman,J Moore,119,1075,4,2-3/4,1.10.50,3.6,8,NA,NA,NA,NA,NA
7,12,MAGIC KING,H182,C W Wong,A Schutz,112,1031,10,4,1.10.70,65,6,NA,NA,NA,NA,NA
8,5,CHINA LUJIA,J088,B Prebble,P O'Sullivan,123,1088,5,4-1/4,1.10.80,12,9,NA,NA,NA,NA,NA
9,13,TRIUMPHANT GLORY,CB36,W M Lai,T K Ng,112,1087,9,5-1/2,1.11.00,99,NA,NA,NA,NA,NA,NA
10,9,CALIFORNIA HEART,E078,K L Chui,A S Cruz,116,1120,7,5-1/2,1.11.00,43,NA,NA,NA,NA,NA,NA
11,6,LITTLE BIG BOY,J012,F Coetzee,D E Ferraris,123,1138,6,5-3/4,1.11.00,39,11,NA,NA,NA,NA,NA
12,7,WINNING AHEAD,J018,M Nunes,A T Millard,123,1090,12,5-3/4,1.11.10,99,10,NA,NA,NA,NA,NA
13,3,MEDALLION,G322,Z Purton,K W Lui,124,1110,13,9-1/4,1.11.60,12,13,NA,NA,NA,NA,NA
WV,8,TOWKAY FLYER,J036,G Mosse,A Lee,122,1063,---,---,---,---,NA,NA,NA,NA,NA,NA
1,6,GREAT SUPREME,J027,D Whyte,C H Yip,124,1201,5,-,1.22.80,8.2,7,NA,NA,NA,NA,NA
2,4,GALLANT WIN,H028,G Boss,P O'Sullivan,127,1130,4,2-3/4,1.23.20,6.8,NA,NA,NA,NA,NA,NA
3,10,FLYING KENNY,CC24,M W Leung,T W Leung,116,1140,13,2-3/4,1.23.20,13,3,NA,NA,NA,NA,NA
4,2,BRILLIANT TREASURE,H045,F Coetzee,J Size,129,1197,7,3-1/2,1.23.30,13,13,NA,NA,NA,NA,NA
5,3,PALAIS D'OR,H185,G Mosse,A Lee,129,1192,9,3-1/2,1.23.30,6.4,8,NA,NA,NA,NA,NA
6,12,BATURO,H029,H W Lai,Y S Tsui,116,984,11,3-3/4,1.23.40,25,4,NA,NA,NA,NA,NA
7,13,SILLY BOY,CC09,M Nunes,A T Millard,115,1214,14,4-1/4,1.23.50,99,NA,NA,NA,NA,NA,NA
8,5,CHEEKY LAD,G198,O Doleuze,D J Hall,126,1125,8,4-1/2,1.23.50,22,1,NA,NA,NA,NA,NA
9,9,FANTASTIC TIME,H220,Z Purton,B K Ng,122,1020,3,4-3/4,1.23.50,85,8,NA,NA,NA,NA,NA
10,8,WIN MORE,H243,S Dye,C W Chang,124,1118,10,5,1.23.60,59,2,NA,NA,NA,NA,NA
11,1,STEEL NERVES,G320,C Soumillon,A Schutz,132,1080,2,5-3/4,1.23.70,2.8,11,NA,NA,NA,NA,NA
12,11,GREAT HERO,H016,B Prebble,K L Man,120,1111,1,6-1/4,1.23.80,15,6,NA,NA,NA,NA,NA
13,7,HELENE ELITE,J093,K L Chui,A S Cruz,119,1109,6,6-3/4,1.23.80,16,14,NA,NA,NA,NA,NA
14,14,KAISER'S CHOIX,E305,C K Tong,C Fownes,109,1102,12,14-1/2,1.25.10,29,5,NA,NA,NA,NA,NA
1,14,CRUSH ON YOU,H065,K L Chui,D J Hall,108,1095,3,-,1.23.40,20,9,NA,NA,NA,NA,NA
2,9,AMAZING CHOISIR,H189,C Soumillon,C Fownes,123,1056,12,1/2,1.23.40,3.3,13,NA,NA,NA,NA,NA
3,1,MASCOT FORTUNE,H221,B Prebble,K L Man,132,1073,6,1-1/4,1.23.50,4.2,4,NA,NA,NA,NA,NA
4,7,SPEEDY,J037,G Boss,P O'Sullivan,124,1138,1,1-3/4,1.23.60,7.4,2,NA,NA,NA,NA,NA
5,12,BEAUTIFUL CHOICE,H130,M W Leung,Y S Tsui,111,1102,14,2-1/2,1.23.80,14,12,NA,NA,NA,NA,NA
6,6,AMAZING FORTUNE,H235,M Nunes,K W Lui,124,1074,2,2-1/2,1.23.80,4.8,7,NA,NA,NA,NA,NA
7,13,CHINSOLA,CD32,H W Lai,L Ho,113,1001,10,3-1/4,1.23.90,82,6,NA,NA,NA,NA,NA
8,10,KENOBE,H222,O Doleuze,A Schutz,123,1064,5,3-1/2,1.23.90,10,11,NA,NA,NA,NA,NA
9,3,OPERA MAGIC,CB40,C W Wong,C H Yip,121,1169,11,4,1.24.00,86,NA,NA,NA,NA,NA,NA
10,4,MASTER DREAMER,E293,P H Lo,T K Ng,118,1058,8,5,1.24.20,99,5,NA,NA,NA,NA,NA
11,2,SPINMASTER,H188,D Whyte,J Size,129,1097,7,5-3/4,1.24.30,25,9,NA,NA,NA,NA,NA
12,5,THAT'S IT,E223,Z Purton,T W Leung,125,1158,4,6-1/4,1.24.40,60,8,NA,NA,NA,NA,NA
13,8,A MIRROR,H011,F Coetzee,D Cruz,123,1174,13,6-3/4,1.24.40,72,NA,NA,NA,NA,NA,NA
14,11,KEEP SMILING,H200,D Beadman,J Moore,119,1182,9,10-1/4,1.25.00,76,NA,NA,NA,NA,NA,NA
1,2,NEVER LOOK BACK,J043,B Prebble,P O'Sullivan,131,1103,5,-,1.34.70,3.5,2,NA,NA,NA,NA,NA
2,8,NATURAL NINE,G087,S Dye,C Fownes,120,1197,3,HD,1.34.70,52,8,NA,NA,NA,NA,NA
3,9,PRIME SCORE,G280,C K Tong,D J Hall,114,1183,7,N,1.34.70,9.5,3,NA,NA,NA,NA,NA
4,7,HORACE'S CHOICE,H169,C Soumillon,C Fownes,120,1142,4,1/2,1.34.80,5.1,7,NA,NA,NA,NA,NA
5,4,JOY AND FUN,H014,F Coetzee,D Cruz,125,1131,13,1-1/4,1.34.90,4.6,11,NA,NA,NA,NA,NA
6,14,CARRIZO CREEK,E132,D Beadman,J Moore,117,1074,1,2,1.35.00,7.2,6,NA,NA,NA,NA,NA
7,3,IMPERIAL APPLAUSE,G209,E Saint-Martin,P O'Sullivan,127,1043,11,2-1/2,1.35.10,38,13,NA,NA,NA,NA,NA
8,5,GO JOHNNY GO,G290,H W Lai,P F Yiu,120,1060,10,3-1/2,1.35.20,23,4,NA,NA,NA,NA,NA
9,13,CALIFORNIA BISHOP,CD35,K L Chui,A S Cruz,110,1144,9,3-3/4,1.35.30,99,1,NA,NA,NA,NA,NA
10,1,GOODY,CD23,G Boss,D E Ferraris,131,1062,14,3-3/4,1.35.30,45,NA,NA,NA,NA,NA,NA
11,12,STOLEN THUNDER,J003,Z Purton,C W Chang,118,1167,6,4-3/4,1.35.50,11,12,NA,NA,NA,NA,NA
12,6,RICE FIELD,E134,C W Wong,J Moore,118,1101,8,6-1/4,1.35.70,46,9,NA,NA,NA,NA,NA
13,11,CONGRATS,G298,D Whyte,C H Yip,118,1087,12,6-1/2,1.35.70,24,10,NA,NA,NA,NA,NA
14,10,SICHUAN HERO,J044,O Doleuze,P O'Sullivan,120,1104,2,13-1/4,1.36.80,99,5,NA,NA,NA,NA,NA
1,7,CRUSADER OF GOLD,E188,F Coetzee,D E Ferraris,123,1076,12,-,2.03.60,8.6,NA,NA,NA,NA,NA,NA
2,10,SOUTH BREEZE,G241,G Mosse,A Lee,121,1234,5,3/4,2.03.70,6,7,NA,NA,NA,NA,NA
3,6,SIR GALAHAD,G272,S Dye,P O'Sullivan,124,998,7,1-3/4,2.03.90,7.4,NA,NA,NA,NA,NA,NA
4,4,LU YUE,H278,B Prebble,C H Yip,124,1193,9,2,2.03.90,11,6,NA,NA,NA,NA,NA
5,1,SOCRATES,CD33,G Boss,C Fownes,129,1161,11,2-1/4,2.03.90,28,NA,NA,NA,NA,NA,NA
6,12,EYE WITNESS,G027,K L Chui,A S Cruz,112,1065,4,2-3/4,2.04.00,14,10,NA,NA,NA,NA,NA
7,9,MEDICO,H075,D Beadman,J Moore,121,1086,2,3,2.04.10,3.7,5,NA,NA,NA,NA,NA
8,5,MAN IN THE MIRROR,H058,D Whyte,J Size,124,1133,10,3-1/4,2.04.10,7.5,9,NA,NA,NA,NA,NA
9,3,FANTASTIC DANCER,J001,M Nunes,S Woods,124,1103,6,4,2.04.20,99,1,NA,NA,NA,NA,NA
10,11,FASHFIELD,H307,C K Tong,Y O Wong,115,1214,8,4-1/2,2.04.30,99,3,NA,NA,NA,NA,NA
11,8,YANKEE,H271,C Soumillon,C Fownes,122,1151,1,5-1/4,2.04.40,5.9,2,NA,NA,NA,NA,NA
12,2,NORTHERNER,CD29,M W Leung,S Woods,122,990,3,8-1/2,2.04.90,53,8,NA,NA,NA,NA,NA
1,11,CRAIG'S DRAGON,H131,D Beadman,J Moore,118,1206,12,-,1.10.00,3.5,12,NA,NA,NA,NA,NA
2,4,KINGIFLY,G020,G Boss,P F Yiu,125,1138,4,SH,1.10.00,7.5,4,NA,NA,NA,NA,NA
3,9,KING PRAWN SUPREME,J076,D Whyte,J Size,118,1198,13,3/4,1.10.10,10,NA,NA,NA,NA,NA,NA
4,2,GALEN WIN,J065,B Prebble,D J Hall,133,1086,6,1,1.10.10,7.3,6,NA,NA,NA,NA,NA
5,13,BEAUTY PLUS,CC21,M Nunes,K W Lui,116,1024,9,1-1/2,1.10.20,45,NA,NA,NA,NA,NA,NA
6,3,FEVER PITCH,H326,C Soumillon,C Fownes,131,1055,2,1-3/4,1.10.20,4,NA,NA,NA,NA,NA,NA
7,5,COUNTRY MAGIC,H069,K L Chui,A S Cruz,119,1065,5,1-3/4,1.10.30,5.8,3,NA,NA,NA,NA,NA
8,1,MAINLAND SHUTTLE,G315,G Mosse,A Lee,126,1131,8,4-1/4,1.10.70,21,10,NA,NA,NA,NA,NA
9,7,GILDED FLIGHT,H294,F Coetzee,Y O Wong,119,971,11,5-1/4,1.10.80,25,6,NA,NA,NA,NA,NA
10,14,KINGSTON WINNER,CC02,W M Lai,T K Ng,112,1069,10,5-1/4,1.10.80,99,1,NA,NA,NA,NA,NA
11,8,NEW CHAPTER,H314,O Doleuze,P O'Sullivan,120,1153,1,8-1/4,1.11.30,75,5,NA,NA,NA,NA,NA
12,10,BLUE SAINT,J080,H W Lai,L Ho,114,1062,7,18-1/4,1.12.90,99,2,NA,NA,NA,NA,NA
13,6,MIRACLE FORTUNE,H292,C K Tong,Y S Tsui,118,1043,3,24,1.13.80,99,9,NA,NA,NA,NA,NA
WX,,ALWAYS GIGGLE,G086,G Mosse,C W Chang,133,-,---,-,---,---,NA,NA,NA,NA,NA,NA
WV,12,DRAGON AND GOLD,CD24,C W Wong,C H Yip,112,1192,---,---,---,---,NA,NA,NA,NA,NA,NA
1,11,POCKET MONEY,E253,F Coetzee,J Size,116,1035,10,-,1.21.70,8.3,NA,NA,NA,NA,NA,NA
2,2,DOWN TOWN,G054,C W Wong,C H Yip,126,1121,13,N,1.21.80,39,1,NA,NA,NA,NA,NA
3,1,FLORAL PEGASUS,G011,K L Chui,A S Cruz,128,1213,3,1-1/4,1.21.90,4.9,5,NA,NA,NA,NA,NA
4,7,RIVER JORDAN,G194,D Beadman,J Moore,124,1121,7,1-1/2,1.22.00,6.6,9,NA,NA,NA,NA,NA
5,5,SUNNY POWER,G203,C Soumillon,K W Lui,128,1082,1,2-1/4,1.22.10,3.8,3,NA,NA,NA,NA,NA
6,9,DANACOURT,E228,D Whyte,J Moore,122,1016,5,2-1/4,1.22.10,15,4,NA,NA,NA,NA,NA
7,3,JOYFUL WINNER,E045,G Mosse,J Moore,131,1097,9,2-3/4,1.22.10,14,13,NA,NA,NA,NA,NA
8,6,VIVA MACAU,H110,Z Purton,J Moore,126,1165,6,3,1.22.20,82,6,NA,NA,NA,NA,NA
9,10,FLAMING LAMBORGINI,E146,E Saint-Martin,C S Shum,119,1069,12,3-1/2,1.22.30,12,11,NA,NA,NA,NA,NA
10,13,MY CHOICE,CC28,C K Tong,D J Hall,110,1133,11,4-1/4,1.22.40,43,10,NA,NA,NA,NA,NA
11,8,ROYAL PRINCE,H072,B Prebble,A S Cruz,124,1223,2,5-3/4,1.22.60,6.9,NA,NA,NA,NA,NA,NA
12,4,ABLE ONE,G108,S Dye,J Moore,129,1168,8,6-1/4,1.22.70,28,12,NA,NA,NA,NA,NA
13,14,HELENE PILLAGING,CC08,M Nunes,S Woods,114,1210,4,6-3/4,1.22.80,99,NA,NA,NA,NA,NA,NA
14,12,AMBITIOUS GENERAL,J066,W M Lai,D J Hall,113,1128,14,8-1/4,1.23.00,53,14,NA,NA,NA,NA,NA
1,6,CONGRATULATION,H032,F Coetzee,J Size,121,1122,10,-,1.23.30,7.1,NA,NA,NA,NA,NA,NA
2,4,OURAJA,G214,B Prebble,D J Hall,126,1052,8,NOSE,1.23.30,4.2,3,NA,NA,NA,NA,NA
3,2,SINGING DINERS,H063,D Whyte,C S Shum,130,1178,1,HD,1.23.30,2.9,7,NA,NA,NA,NA,NA
4,12,SUPER GENKI,H195,K L Chui,A S Cruz,111,1150,2,1-3/4,1.23.50,17,5,NA,NA,NA,NA,NA
5,10,HAPPY MASTER,E050,D Beadman,K L Man,118,1053,7,1-3/4,1.23.50,21,10,NA,NA,NA,NA,NA
6,11,WELL NOTED,G313,M Nunes,S Woods,117,1177,3,2-3/4,1.23.70,30,11,NA,NA,NA,NA,NA
7,8,SCOOT DA LOOT,H274,O Doleuze,A Schutz,121,964,13,3-1/4,1.23.80,8.9,2,NA,NA,NA,NA,NA
8,13,FUJIAN PRINCE,E006,S K Sit,A T Millard,113,1127,6,3-1/2,1.23.80,99,6,NA,NA,NA,NA,NA
9,7,MUTUAL FRIENDSHIP,G260,K T Yeung,A Lee,114,1043,9,3-1/2,1.23.80,7.1,13,NA,NA,NA,NA,NA
10,1,WISE LOVER,E095,C Soumillon,Y O Wong,133,1141,12,4-1/2,1.24.00,22,12,NA,NA,NA,NA,NA
11,3,SUNBELL,CB39,P H Lo,D Cruz,121,1093,4,5-3/4,1.24.20,99,9,NA,NA,NA,NA,NA
12,5,EVERGREEN,E106,W M Lai,C H Yip,121,1186,11,5-3/4,1.24.20,99,8,NA,NA,NA,NA,NA
13,9,VIVA FIGHTER,G307,C K Tong,C Fownes,115,1132,14,6,1.24.20,22,14,NA,NA,NA,NA,NA
14,14,MAGIC TOUCH,CB39,H W Lai,L Ho,111,1132,5,6-3/4,1.24.30,99,4,NA,NA,NA,NA,NA
1,3,CHEERFUL HAPPINESS,E220,O Doleuze,T W Leung,125,1078,1,-,1.22.40,6.1,7,NA,NA,NA,NA,NA
2,12,MULTI-WIN SPIRIT,G137,D Whyte,K W Lui,116,1220,10,HD,1.22.50,6.3,6,NA,NA,NA,NA,NA
3,5,SILVER WRAITH,E178,C Soumillon,Y S Tsui,123,1018,11,2-1/4,1.22.80,10,NA,NA,NA,NA,NA,NA
4,9,GLOBAL WAY,G158,A Delpech,D E Ferraris,120,1035,2,4-3/4,1.23.20,11,3,NA,NA,NA,NA,NA
5,7,PERFECT ATHLETE,G276,D Beadman,C H Yip,121,1101,5,4-3/4,1.23.20,4.3,3,NA,NA,NA,NA,NA
6,8,CENAMIRA,CD12,S K Sit,Y O Wong,118,1168,6,5-1/4,1.23.30,20,9,NA,NA,NA,NA,NA
7,4,LIGHTNING MOUNT,H082,K L Chui,A S Cruz,119,1081,8,5-1/2,1.23.30,20,10,NA,NA,NA,NA,NA
8,2,GENERAL SPEEDEE,G193,F Coetzee,T K Ng,128,1138,4,5-1/2,1.23.30,6.6,NA,NA,NA,NA,NA,NA
9,6,SUPER,CD03,Y T Cheng,C W Chang,121,1120,7,6-1/4,1.23.40,12,8,NA,NA,NA,NA,NA
10,10,PLEASURE PLEASURE,CD27,S Dye,A Lee,120,1010,9,9,1.23.90,18,2,NA,NA,NA,NA,NA
11,11,UNIVERSAL PIONEER,CB29,C K Tong,C S Shum,112,1134,3,9-1/4,1.23.90,14,1,NA,NA,NA,NA,NA
12,1,TIMBER CITY,CC03,G Mosse,A Schutz,129,1101,12,12-1/4,1.24.40,44,NA,NA,NA,NA,NA,NA
1,7,SPIRIT OF LO PAN,H140,D Whyte,Y S Tsui,122,1108,6,-,1.35.80,2.8,5,NA,NA,NA,NA,NA
2,3,JAMESINA,H290,C Soumillon,D E Ferraris,128,1091,13,+SH,1.35.70,5.7,7,NA,NA,NA,NA,NA
3,12,KING OF SPADES,CC05,W M Lai,T K Ng,114,1044,12,2-3/4,1.36.20,35,NA,NA,NA,NA,NA,NA
4,4,JOYFUL WORLD,CC20,G Mosse,A Lee,128,1063,11,3-1/4,1.36.20,10,4,NA,NA,NA,NA,NA
5,11,KA KA SMART,G042,S K Sit,C W Chang,114,1109,5,3-1/2,1.36.30,19,NA,NA,NA,NA,NA,NA
6,1,BOLD CHAMPION,G127,B Prebble,P F Yiu,133,1037,3,5,1.36.50,4.1,3,NA,NA,NA,NA,NA
7,9,JADE CHINA,G113,O Doleuze,T W Leung,119,1127,7,5-1/2,1.36.60,44,NA,NA,NA,NA,NA,NA
8,2,NOBLE TWINS,H257,E Saint-Martin,T K Ng,131,990,10,6,1.36.70,26,11,NA,NA,NA,NA,NA
9,8,ENERGETIC BOY,H153,A Delpech,A T Millard,119,1035,8,6-1/2,1.36.80,99,8,NA,NA,NA,NA,NA
10,6,CITY SURFER,G129,Y T Cheng,C H Yip,120,1027,9,7-1/4,1.36.90,42,2,NA,NA,NA,NA,NA
11,13,MEGA BULLET,H192,C K Tong,C Fownes,111,1056,2,7-1/2,1.36.90,6.6,9,NA,NA,NA,NA,NA
12,10,HELLO GIBRALTAR,H207,H W Lai,Y S Tsui,113,936,4,7-3/4,1.37.00,99,NA,NA,NA,NA,NA,NA
13,5,MAJESTIC HEART,H319,M W Leung,K L Man,122,1063,1,ML,---,39,13,NA,NA,NA,NA,NA
1,3,ABLE PRINCE,CC34,D Beadman,J Moore,121,1112,3,-,0.56.00,15,2,NA,NA,NA,NA,NA
2,4,PLANET RULER,CB35,G Mosse,A Lee,121,1137,5,3/4,0.56.10,21,4,NA,NA,NA,NA,NA
3,6,NATURAL BLITZ,E227,M Nunes,D Cruz,115,1096,8,3/4,0.56.10,8,NA,NA,NA,NA,NA,NA
4,9,COUNTRY MUSIC,CD03,K L Chui,A S Cruz,108,1240,6,1,0.56.20,22,NA,NA,NA,NA,NA,NA
5,2,FRIENDLY GAINS,G300,D Whyte,K L Man,124,1182,7,2-3/4,0.56.50,1.5,3,NA,NA,NA,NA,NA
6,1,SCINTILLATION,CC22,E Saint-Martin,C S Shum,133,1207,4,3,0.56.50,4.4,NA,NA,NA,NA,NA,NA
7,8,SANZIRO,E208,S K Sit,C Fownes,111,1164,2,4-3/4,0.56.80,18,7,NA,NA,NA,NA,NA
WV,5,REGENCY HORSE,E229,F Coetzee,D E Ferraris,121,-,---,---,---,---,NA,NA,NA,NA,NA,NA
WV-A,7,FIFTY FIFTY,CD13,W M Lai,C Fownes,112,1144,---,---,---,---,NA,NA,NA,NA,NA,NA
1,3,SPRING SMILES,G269,D Whyte,P O'Sullivan,132,1011,14,-,1.40.10,6.8,10,NA,NA,NA,NA,NA
2,4,COULDN'T CARE LESS,CD00,S Dye,A Schutz,130,1081,9,1-1/2,1.40.30,6.6,11,NA,NA,NA,NA,NA
3,5,TALE OF FRIENDSHIP,H184,G Mosse,Y S Tsui,130,1077,12,2-1/2,1.40.50,37,12,NA,NA,NA,NA,NA
4,1,REWARDING STAR,G234,D Beadman,J Moore,133,1077,7,2-1/2,1.40.50,10,NA,NA,NA,NA,NA,NA
5,8,DONGGUAN VICTORY,CB38,B Prebble,Y S Tsui,126,1061,1,3-1/4,1.40.60,11,NA,NA,NA,NA,NA,NA
6,2,SUPER BALL,CD06,S K Sit,C W Chang,131,1172,2,3-1/4,1.40.60,25,3,NA,NA,NA,NA,NA
7,6,AS YOU WISH,E290,A Delpech,B K Ng,128,1055,6,3-1/2,1.40.60,6.4,13,NA,NA,NA,NA,NA
8,12,DOUBLE FANTASY,G141,F Coetzee,D E Ferraris,117,1091,11,3-3/4,1.40.70,34,4,NA,NA,NA,NA,NA
9,9,STARFINDER,H074,C Soumillon,K W Lui,126,1043,4,4,1.40.70,20,NA,NA,NA,NA,NA,NA
10,10,BAUHINIA,CD11,O Doleuze,S Woods,125,1068,10,4-1/4,1.40.70,56,7,NA,NA,NA,NA,NA
11,14,STRAIGHT VICTORY,E328,W M Lai,T K Ng,111,1070,13,4-1/2,1.40.80,94,2,NA,NA,NA,NA,NA
12,11,DENDRANTHEMA LOVE,CD07,Y T Cheng,T W Leung,117,1121,8,6,1.41.00,54,NA,NA,NA,NA,NA,NA
13,7,ARISTOCRACY,G070,E Saint-Martin,C S Shum,127,1116,5,7-1/2,1.41.30,6.1,8,NA,NA,NA,NA,NA
14,13,HAPPY ASH,G106,K L Chui,P F Yiu,111,1006,3,9-1/4,1.41.60,4.6,NA,NA,NA,NA,NA,NA
1,3,SEA TREASURE,CD33,D Beadman,J Moore,128,1114,3,-,1.49.30,3.7,10,NA,NA,NA,NA,NA
2,10,PRIDEOFTHEORIENT,H171,D Whyte,S Woods,119,1094,12,1-3/4,1.49.60,5.4,NA,NA,NA,NA,NA,NA
3,13,DRAGON STRIDE,CC37,H W Lai,T K Ng,112,1147,10,3-1/4,1.49.80,22,5,NA,NA,NA,NA,NA
4,12,LAZY BUDDIES,CC20,M W Leung,A Lee,111,1141,11,3-1/2,1.49.90,29,NA,NA,NA,NA,NA,NA
5,6,HAPPY HEROES,CD26,F Coetzee,C W Chang,123,1180,5,4-1/4,1.50.00,5.5,9,NA,NA,NA,NA,NA
6,1,DASH,G236,W M Lai,C H Yip,128,1065,1,6-3/4,1.50.40,6.1,6,NA,NA,NA,NA,NA
7,5,GALLANT KNIGHT,CC18,M Nunes,A T Millard,127,1058,2,7-1/2,1.50.50,9.7,NA,NA,NA,NA,NA,NA
8,9,SHINING DAY,E163,B Prebble,A S Cruz,121,1173,8,7-3/4,1.50.50,14,2,NA,NA,NA,NA,NA
9,7,SUPER IDEAL,CC22,E Saint-Martin,A Schutz,123,1090,4,12,1.51.20,33,11,NA,NA,NA,NA,NA
10,8,FREEBIRD,CC31,S Dye,D Cruz,121,1085,9,16-1/2,1.51.90,14,4,NA,NA,NA,NA,NA
11,11,LUCKY WORLD,J053,Y T Cheng,C H Yip,115,1123,6,33-1/2,1.54.60,71,NA,NA,NA,NA,NA,NA
12,2,EVER KING,E147,K T Yeung,J Moore,121,1015,13,38,1.55.40,21,6,NA,NA,NA,NA,NA
WV-A,4,ALICE TOO,G309,C Soumillon,K W Lui,127,1188,---,---,---,---,NA,NA,NA,NA,NA,NA
1,3,BEING FAMOUS,CD01,G Mosse,A Lee,130,1157,11,-,1.48.80,37,1,NA,NA,NA,NA,NA
2,5,DASHING THUNDER,CD08,Y T Cheng,C H Yip,125,1107,3,N,1.48.90,19,7,NA,NA,NA,NA,NA
3,14,LUCKY MONEY,E159,M W Leung,T W Leung,110,1083,6,1/2,1.48.90,50,2,NA,NA,NA,NA,NA
4,6,FLORAL NIRVANA,H232,K L Chui,A S Cruz,122,1129,10,1-1/2,1.49.00,5.5,3,NA,NA,NA,NA,NA
5,2,ANKH MORPORK,H306,B Prebble,D J Hall,130,1082,4,2-1/2,1.49.20,5.5,9,NA,NA,NA,NA,NA
6,13,WONG'S SUCCESS,E107,H W Lai,K W Lui,112,1090,1,2-3/4,1.49.20,9.1,4,NA,NA,NA,NA,NA
7,9,INDUSTRIAL EXPRESS,H103,D Whyte,J Size,123,1113,12,3-1/2,1.49.40,2.9,5,NA,NA,NA,NA,NA
8,7,COURAGEOUSHEART,CD20,D Beadman,J Moore,125,1139,2,3-1/2,1.49.40,8.9,6,NA,NA,NA,NA,NA
9,11,RIGHT FRAAR,E024,F Coetzee,J Size,118,1068,8,3-3/4,1.49.40,31,NA,NA,NA,NA,NA,NA
10,12,SOUNDS FANTASTIC,H146,M Nunes,A T Millard,116,1061,13,4-1/4,1.49.50,23,8,NA,NA,NA,NA,NA
11,10,NASA PEARL,CC06,K T Yeung,P O'Sullivan,113,1126,9,6-1/2,1.49.80,24,12,NA,NA,NA,NA,NA
12,1,FORTUNE WARRIOR,CD09,E Saint-Martin,T W Leung,132,1066,7,17-1/2,1.51.60,87,13,NA,NA,NA,NA,NA
13,8,SIR LAGO,H268,A Delpech,D E Ferraris,125,1138,5,ML,---,16,10,NA,NA,NA,NA,NA
WV,4,VICTORY TREASURE,E031,S Dye,C Fownes,129,-,---,---,---,---,NA,NA,NA,NA,NA,NA
1,1,WARRIOR,H066,D Whyte,J Size,131,1234,10,-,0.57.20,1.4,4,NA,NA,NA,NA,NA
2,10,MAGIC CHARIOT,H094,F Coetzee,C W Chang,117,1176,6,3/4,0.57.30,20,8,NA,NA,NA,NA,NA
3,4,THUNDER FLASH,G270,E Saint-Martin,D J Hall,125,1105,5,3/4,0.57.30,63,10,NA,NA,NA,NA,NA
4,2,PROFITING CHAMPION,H123,G Mosse,A Lee,129,1144,9,1-1/4,0.57.40,9.2,NA,NA,NA,NA,NA,NA
5,6,SILENT DRAGON,G200,B Prebble,D J Hall,123,1099,1,1-1/2,0.57.40,10,1,NA,NA,NA,NA,NA
6,11,REUNION,E258,M W Leung,D J Hall,111,1164,12,2,0.57.50,12,NA,NA,NA,NA,NA,NA
7,8,SPEED FIGHTER,CD35,H W Lai,P F Yiu,116,1123,4,2-1/2,0.57.60,99,5,NA,NA,NA,NA,NA
8,9,HORSE WIN WIN,J078,A Delpech,Y S Tsui,118,1118,11,2-3/4,0.57.60,65,11,NA,NA,NA,NA,NA
9,5,PLEZAYRE,G116,D Beadman,J Moore,124,1065,2,2-3/4,0.57.60,23,5,NA,NA,NA,NA,NA
10,3,CALIFORNIA LUCK,G215,K L Chui,A S Cruz,123,1244,7,3-1/4,0.57.70,14,NA,NA,NA,NA,NA,NA
11,12,STAY YOUNG,CD10,W M Lai,T W Leung,114,1097,8,5-1/2,0.58.00,99,12,NA,NA,NA,NA,NA
12,7,SURE JOY,E299,Y T Cheng,C H Yip,120,1280,3,5-1/2,0.58.00,29,NA,NA,NA,NA,NA,NA
1,2,SUPER CHARGE,CC29,G Mosse,A Lee,128,1186,13,-,1.22.70,21,5,NA,NA,NA,NA,NA
2,5,PACHINKO,H208,D Whyte,D E Ferraris,126,1163,8,N,1.22.70,4.8,6,NA,NA,NA,NA,NA
3,7,SUPER GOAL MASTER,G220,C Soumillon,C Fownes,126,1104,3,3/4,1.22.80,5.5,NA,NA,NA,NA,NA,NA
4,11,FIRST KNIGHT,CB35,M W Leung,S Woods,113,1201,1,1-1/4,1.22.90,44,13,NA,NA,NA,NA,NA
5,3,LASER TIGER,G251,K L Chui,D J Hall,122,1061,5,1-1/2,1.22.90,6.4,NA,NA,NA,NA,NA,NA
6,1,HAPPY CRUSADER,E080,E Saint-Martin,Y S Tsui,129,1115,2,1-1/2,1.22.90,72,NA,NA,NA,NA,NA,NA
7,6,SAVUTE,E326,H W Lai,L Ho,123,1100,11,2-1/4,1.23.00,7.8,3,NA,NA,NA,NA,NA
8,4,BAJAN BELL,G142,F Coetzee,J Size,126,1163,6,3-1/4,1.23.20,12,NA,NA,NA,NA,NA,NA
9,10,TREASURE COLT,E308,Y T Cheng,C H Yip,121,1180,14,3-1/4,1.23.20,22,NA,NA,NA,NA,NA,NA
10,8,BEJEWELED,H289,O Doleuze,P O'Sullivan,125,1090,4,3-3/4,1.23.30,4.1,8,NA,NA,NA,NA,NA
11,12,GOLDEN OPPORTUNITY,J015,B Prebble,K L Man,119,1051,9,3-3/4,1.23.30,45,12,NA,NA,NA,NA,NA
12,13,JUGGERNAUT,J019,M Nunes,S Woods,115,1200,7,5-1/4,1.23.50,99,10,NA,NA,NA,NA,NA
13,9,ROYAL DOMAIN,H287,K T Yeung,A Schutz,118,1108,12,6-1/4,1.23.60,21,7,NA,NA,NA,NA,NA
14,14,HEART TO HEART,H160,W M Lai,C S Shum,111,1193,10,12-1/4,1.24.60,82,NA,NA,NA,NA,NA,NA
1,5,BOLD WIN,E282,B Prebble,D J Hall,126,1073,8,-,1.35.50,10,NA,NA,NA,NA,NA,NA
2,1,ALL CHANCES,E241,C Soumillon,J Size,131,1103,6,SH,1.35.50,16,NA,NA,NA,NA,NA,NA
3,3,HIGH INTELLIGENT,CD31,A Delpech,A T Millard,129,1142,11,1,1.35.60,37,2,NA,NA,NA,NA,NA
4,12,MARIACHI,H190,D Beadman,P F Yiu,118,1029,13,1-1/2,1.35.70,2.7,11,NA,NA,NA,NA,NA
5,13,MONTE CRISTO,H120,F Coetzee,A Schutz,114,1066,12,2,1.35.80,5.1,7,NA,NA,NA,NA,NA
6,4,EIGHT PLUS NINE,H259,G Mosse,A Lee,128,1111,2,2-1/4,1.35.80,5.9,3,NA,NA,NA,NA,NA
7,10,AMSTERDAM,E140,E Saint-Martin,J Moore,120,1046,5,3-1/4,1.36.00,52,NA,NA,NA,NA,NA,NA
8,9,JUBILOSO,CD38,K L Chui,D J Hall,116,1144,9,3-1/2,1.36.00,32,12,NA,NA,NA,NA,NA
9,6,QUEST FOR LOVE,E242,O Doleuze,D E Ferraris,123,1067,7,3-1/2,1.36.00,83,NA,NA,NA,NA,NA,NA
10,8,FIRST BABY,G170,D Whyte,Y O Wong,121,1025,10,3-3/4,1.36.10,5.6,9,NA,NA,NA,NA,NA
11,2,FAT CHOY FOREVER,CD11,Y T Cheng,C H Yip,127,1221,4,4-3/4,1.36.20,99,1,NA,NA,NA,NA,NA
12,11,THE GOODIES,H097,W M Lai,C Fownes,115,1013,1,5-1/2,1.36.30,99,14,NA,NA,NA,NA,NA
13,7,EQUATOR KID,CC13,S K Sit,Y S Tsui,119,1149,3,8-3/4,1.36.90,33,NA,NA,NA,NA,NA,NA
14,14,GOLDEN BALL,H128,H W Lai,C W Chang,110,1111,14,12-3/4,1.37.50,99,13,NA,NA,NA,NA,NA
1,12,HE CAN TANGO,G288,O Doleuze,P O'Sullivan,119,1170,6,-,1.23.00,19,8,NA,NA,NA,NA,NA
2,11,WEI HAI INVINCIBLE,H258,M Nunes,A T Millard,118,1092,3,3/4,1.23.10,8.1,1,NA,NA,NA,NA,NA
3,3,REGENCY DRAGON,H001,C Soumillon,D E Ferraris,129,1184,13,3/4,1.23.10,8.6,2,NA,NA,NA,NA,NA
4,7,GALLANT LION,G243,S Dye,C Fownes,122,1095,10,1,1.23.10,7.4,13,NA,NA,NA,NA,NA
5,13,SECRET OF KINGS,G102,M W Leung,Y S Tsui,112,1167,2,1-1/2,1.23.20,11,NA,NA,NA,NA,NA,NA
6,14,KINDACROSS,G041,S K Sit,A S Cruz,113,1050,1,2-1/4,1.23.40,31,4,NA,NA,NA,NA,NA
7,4,FULL OF JOY,G293,G Mosse,A Lee,125,1072,11,2-1/2,1.23.40,12,3,NA,NA,NA,NA,NA
8,1,GREAT GUY,H112,K L Chui,A S Cruz,128,1040,7,3-1/4,1.23.50,9,5,NA,NA,NA,NA,NA
9,5,BEAR MACHO,G152,E Saint-Martin,D E Ferraris,123,1101,4,3-1/2,1.23.50,8.3,7,NA,NA,NA,NA,NA
10,6,JIANG JUN,E281,D Whyte,C H Yip,123,1094,14,4-1/4,1.23.60,13,12,NA,NA,NA,NA,NA
11,2,INSPIRATION,G111,D Beadman,J Moore,133,1185,5,4-1/2,1.23.70,6.7,10,NA,NA,NA,NA,NA
12,8,AMPLE GAINS,E021,H W Lai,K L Man,116,1141,8,5-3/4,1.23.90,80,9,NA,NA,NA,NA,NA
13,9,LOTZATOW,CD39,B Prebble,P F Yiu,119,1085,12,5-3/4,1.23.90,12,11,NA,NA,NA,NA,NA
14,10,WIN AGAIN,CD37,Y T Cheng,J Moore,117,1209,9,8-1/4,1.24.30,26,14,NA,NA,NA,NA,NA
1,6,FLORAL JOY II,J030,K L Chui,A S Cruz,121,1209,1,-,0.57.40,3.6,NA,NA,NA,NA,NA,NA
2,13,TREASURE PLANET,G117,W M Lai,P F Yiu,114,1019,10,1-3/4,0.57.70,8.1,NA,NA,NA,NA,NA,NA
3,12,CLASSIC HORSE,CD37,Z Purton,T W Leung,118,1068,13,2,0.57.70,8.3,6,NA,NA,NA,NA,NA
4,11,MAGIC KING,H182,D Beadman,A Schutz,118,1027,11,2-1/4,0.57.80,15,14,NA,NA,NA,NA,NA
5,1,OWNERS LAD,G273,E Saint-Martin,C S Shum,132,1213,7,3-1/4,0.57.90,8.9,11,NA,NA,NA,NA,NA
6,2,JADE DANCER,E170,S K Sit,D J Hall,126,1157,14,4-1/4,0.58.10,39,5,NA,NA,NA,NA,NA
7,10,SUPER CEE JAY,G289,P H Lo,Y S Tsui,116,1123,2,5,0.58.20,39,NA,NA,NA,NA,NA,NA
8,9,PEARL HALO,J023,G Boss,P O'Sullivan,123,1034,12,5-1/2,0.58.30,4.3,13,NA,NA,NA,NA,NA
9,14,EXCELLENT PLASTIC,H263,M W Leung,C H Yip,110,1034,6,7,0.58.50,99,8,NA,NA,NA,NA,NA
10,8,MASTER OF SHAVERS,J026,G Mosse,A Lee,126,1042,4,7,0.58.60,27,NA,NA,NA,NA,NA,NA
11,7,GOLDEN TREASURE,J087,O Doleuze,J Size,126,1053,8,8-3/4,0.58.80,14,2,NA,NA,NA,NA,NA
12,5,ELEPHANT STAR,H323,M Nunes,T K Ng,126,1035,5,12,0.59.30,60,9,NA,NA,NA,NA,NA
13,3,AIPODER IMAGE,J031,H W Lai,L Ho,123,995,9,16-1/4,1.00.00,34,12,NA,NA,NA,NA,NA
14,4,ATTENTIVE RUNNER,H156,D Whyte,K W Lui,126,1210,3,18-1/2,1.00.40,13,NA,NA,NA,NA,NA,NA
1,5,SUPER PEGASUS,H141,D Whyte,D E Ferraris,121,1106,5,-,1.40.30,2.1,2,NA,NA,NA,NA,NA
2,8,THREE CLUBS,G149,M Nunes,J Moore,115,1096,6,1-1/4,1.40.50,3.6,3,NA,NA,NA,NA,NA
3,2,WADADELIGHT,CC34,O Doleuze,T K Ng,127,1038,3,2-1/2,1.40.70,6.9,4,NA,NA,NA,NA,NA
4,1,LUCKY CHAMPION,CD17,H W Lai,Y O Wong,126,1101,8,4,1.41.00,10,7,NA,NA,NA,NA,NA
5,7,KING HESPERUS,E151,G Boss,D E Ferraris,119,1146,7,4-3/4,1.41.10,14,NA,NA,NA,NA,NA,NA
6,3,MAGIC TEMPLE,CC36,A Delpech,S Woods,122,1201,2,6-1/4,1.41.30,8.8,8,NA,NA,NA,NA,NA
7,6,BODACIOUS,CD17,K L Chui,D J Hall,114,1049,4,9,1.41.80,38,NA,NA,NA,NA,NA,NA
8,4,EVERGREEN,E106,W M Lai,C H Yip,119,1188,1,13-1/4,1.42.40,71,6,NA,NA,NA,NA,NA
1,11,ISLAND SUNRISE,E276,K L Chui,A S Cruz,113,1082,13,-,1.22.00,2.5,NA,NA,NA,NA,NA,NA
2,4,ISTIDE,J089,E Saint-Martin,C S Shum,127,953,5,1-1/2,1.22.30,8.3,13,NA,NA,NA,NA,NA
3,10,JUGGERNAUT,J019,M Nunes,S Woods,121,1187,3,2,1.22.30,84,4,NA,NA,NA,NA,NA
4,1,JOLLY WONGCHOY,H076,D Whyte,Y O Wong,133,1126,2,2-1/4,1.22.40,7.2,6,NA,NA,NA,NA,NA
5,5,BOUNCER,J074,G Boss,C Fownes,126,1163,1,4-1/4,1.22.70,3.2,9,NA,NA,NA,NA,NA
6,9,FANTASTIC TIME,H220,Z Purton,B K Ng,122,1026,8,4-1/2,1.22.70,80,11,NA,NA,NA,NA,NA
7,8,TRIUMPHANT ECHO,J006,B Prebble,P O'Sullivan,126,1158,6,5-1/4,1.22.90,15,12,NA,NA,NA,NA,NA
8,3,MY PRIDE,G017,P H Lo,Y S Tsui,123,1136,14,6-1/4,1.23.00,72,NA,NA,NA,NA,NA,NA
9,2,BRILLIANT TREASURE,H045,A Delpech,J Size,130,1202,12,6-3/4,1.23.10,12,7,NA,NA,NA,NA,NA
10,14,ALWAYS ZIETEN,CB09,H W Lai,L Ho,111,1132,11,7-3/4,1.23.30,67,NA,NA,NA,NA,NA,NA
11,6,LITTLE BIG BOY,J012,G Mosse,D E Ferraris,126,1122,4,8-1/4,1.23.30,62,10,NA,NA,NA,NA,NA
12,12,KEEP SMILING,H200,M W Leung,J Moore,112,1180,9,9-1/2,1.23.50,99,NA,NA,NA,NA,NA,NA
13,7,OSCAR PRINCE,J052,O Doleuze,A Schutz,126,1109,10,10-3/4,1.23.70,41,8,NA,NA,NA,NA,NA
14,13,TELECOM PERFECT,H121,W M Lai,K W Lui,114,1111,7,13-3/4,1.24.20,99,5,NA,NA,NA,NA,NA
1,12,SILVER WRAITH,E178,H W Lai,Y S Tsui,119,999,1,-,1.22.60,11,NA,NA,NA,NA,NA,NA
2,13,FILEBO,E214,Z Purton,T W Leung,120,963,5,1-3/4,1.22.90,22,NA,NA,NA,NA,NA,NA
3,11,RAMPANT LION,H068,D Beadman,C Fownes,122,1013,14,2,1.23.00,17,NA,NA,NA,NA,NA,NA
4,8,NAMJONG SKY,H129,E Saint-Martin,D J Hall,125,1152,12,2-1/4,1.23.00,11,12,NA,NA,NA,NA,NA
5,14,UNIVERSAL PIONEER,CB29,W M Lai,C S Shum,112,1134,11,2-1/4,1.23.00,50,7,NA,NA,NA,NA,NA
6,3,ABLE STANDARD,G043,D Whyte,K W Lui,129,1063,3,2-1/4,1.23.00,4,6,NA,NA,NA,NA,NA
7,5,SIMPLY JOY,H052,B Prebble,C W Chang,128,1063,4,2-3/4,1.23.10,6.2,9,NA,NA,NA,NA,NA
8,1,PALIO KING,G073,G Mosse,A Lee,130,1123,8,4,1.23.30,11,10,NA,NA,NA,NA,NA
9,2,WATCHMAN,CB32,K T Yeung,B K Ng,123,1120,7,5-1/4,1.23.50,36,NA,NA,NA,NA,NA,NA
10,6,WITHALLMYHEART,E268,P H Lo,T K Ng,121,1132,9,5-3/4,1.23.50,6.6,3,NA,NA,NA,NA,NA
11,9,MACAROON,G238,O Doleuze,D E Ferraris,124,916,13,6-1/4,1.23.60,40,NA,NA,NA,NA,NA,NA
12,7,SUPER RED,G230,K L Chui,A S Cruz,122,1060,6,6-3/4,1.23.70,23,2,NA,NA,NA,NA,NA
13,10,FAST WINNER,G140,M W Leung,A Schutz,117,1064,2,6-3/4,1.23.70,12,5,NA,NA,NA,NA,NA
PU,4,GLOBE RIVER,CD22,G Boss,P F Yiu,128,1109,10,-,---,11,NA,NA,NA,NA,NA,NA
1,12,BEAUTIFUL CHOICE,H130,A Delpech,Y S Tsui,117,1107,6,-,1.22.50,5.4,3,NA,NA,NA,NA,NA
2,1,DEERFIELD,G038,D Whyte,Y O Wong,131,1134,1,3/4,1.22.60,2.5,4,NA,NA,NA,NA,NA
3,14,KA KA SMART,G042,S K Sit,C W Chang,112,1100,5,3/4,1.22.60,15,NA,NA,NA,NA,NA,NA
4,2,BUCCANEER,H214,E Saint-Martin,A Schutz,128,1033,10,1-1/4,1.22.60,9.2,12,NA,NA,NA,NA,NA
5,11,SHATIN WIN WIN,E284,W M Lai,P F Yiu,118,1065,7,2-1/2,1.22.80,15,NA,NA,NA,NA,NA,NA
6,13,TRIUMPHANT GLORY,CB36,P H Lo,T K Ng,110,1087,2,4-1/4,1.23.10,78,5,NA,NA,NA,NA,NA
7,4,REAL PLEASURE,J021,G Mosse,A Lee,126,1200,9,5-1/4,1.23.30,7.4,7,NA,NA,NA,NA,NA
8,5,MOSHI MOSHI,G255,D Beadman,J Moore,124,1079,3,6-1/4,1.23.40,5.9,NA,NA,NA,NA,NA,NA
9,6,SURE GAIN,J038,M W Leung,C H Yip,119,980,11,6-1/4,1.23.40,99,14,NA,NA,NA,NA,NA
10,3,LOHAN,H279,Z Purton,B K Ng,126,1073,4,6-1/4,1.23.50,99,6,NA,NA,NA,NA,NA
11,7,WINNING AHEAD,J018,M Nunes,A T Millard,124,1092,13,6-1/4,1.23.50,99,13,NA,NA,NA,NA,NA
12,10,HEART TO HEART,H160,H W Lai,C S Shum,117,1191,14,7-1/2,1.23.60,99,NA,NA,NA,NA,NA,NA
13,9,TELECOM SIR,H217,O Doleuze,S Woods,122,1148,8,14,1.24.70,63,NA,NA,NA,NA,NA,NA
14,8,PRIMIATA,G226,B Prebble,K L Man,123,1068,12,21-3/4,1.25.90,32,9,NA,NA,NA,NA,NA
1,7,AMAZING CHOICE,G163,D Whyte,D E Ferraris,121,1033,4,-,2.03.40,7.3,7,NA,NA,NA,NA,NA
2,4,ELEPHANT DANCE,CA39,O Doleuze,T K Ng,123,1126,13,N,2.03.40,26,NA,NA,NA,NA,NA,NA
3,8,HAPPY HEROES,CD26,K L Chui,C W Chang,116,1168,6,2-1/4,2.03.70,18,10,NA,NA,NA,NA,NA
4,11,ROCKALOT,H163,G Boss,P F Yiu,118,971,2,2-1/2,2.03.80,2,11,NA,NA,NA,NA,NA
5,5,SOARING DRAGON,H183,G Mosse,A Schutz,123,1158,8,3,2.03.80,63,7,NA,NA,NA,NA,NA
6,13,BARRACUDA,CB32,H W Lai,A Lee,111,1113,9,3-1/4,2.03.90,17,1,NA,NA,NA,NA,NA
7,6,ABLE KNIGHT,E079,D Beadman,J Moore,122,981,3,5-3/4,2.04.30,7.2,12,NA,NA,NA,NA,NA
8,3,DASH,G236,W M Lai,C H Yip,124,1059,10,6,2.04.30,54,3,NA,NA,NA,NA,NA
9,2,SAMBUOYANT,E172,B Prebble,P O'Sullivan,129,1242,11,6,2.04.30,22,2,NA,NA,NA,NA,NA
10,10,TRAVEL LEADER,CD22,P H Lo,D Cruz,112,1186,14,6-1/4,2.04.30,31,4,NA,NA,NA,NA,NA
11,9,SOMETHING SPECIAL,J014,A Delpech,A T Millard,120,1080,5,7,2.04.50,16,5,NA,NA,NA,NA,NA
12,12,DASHING WINNER,CA01,Z Purton,B K Ng,118,1141,1,7-1/2,2.04.60,43,9,NA,NA,NA,NA,NA
13,14,COME HO CHOI,E082,M W Leung,T W Leung,108,1098,7,8,2.04.60,25,13,NA,NA,NA,NA,NA
14,1,RED WINE HONEY,E287,E Saint-Martin,C S Shum,129,1211,12,8,2.04.60,14,NA,NA,NA,NA,NA,NA
1,5,TAIJI SPIRIT,CD18,G Mosse,A T Millard,123,1158,1,-,1.08.90,6.2,3,NA,NA,NA,NA,NA
2,7,SIAMERIC TE SPECSO,E171,B Prebble,D J Hall,121,1126,10,SH,1.08.90,9.8,NA,NA,NA,NA,NA,NA
3,3,PICKETT,G155,P H Lo,C W Chang,124,1038,8,1,1.09.00,4.4,8,NA,NA,NA,NA,NA
4,1,GENERAL DANSKE,G296,H W Lai,K W Lui,129,1140,4,1-1/2,1.09.10,5.3,NA,NA,NA,NA,NA,NA
5,11,SUPREMACY,CD31,A Delpech,D E Ferraris,115,1090,3,1-3/4,1.09.20,10,2,NA,NA,NA,NA,NA
6,9,BRILLIANT ONE,G212,D Whyte,J Size,116,1050,2,4,1.09.50,18,5,NA,NA,NA,NA,NA
7,8,ROCKET POWER,H136,K L Chui,A S Cruz,114,1121,6,6-1/4,1.09.80,7.5,10,NA,NA,NA,NA,NA
8,6,TREASURABLE,H017,K T Yeung,P O'Sullivan,116,1018,7,8-1/2,1.10.20,4.8,7,NA,NA,NA,NA,NA
9,4,MR COOL,CD07,O Doleuze,K L Man,129,1112,11,11,1.10.60,63,6,NA,NA,NA,NA,NA
10,2,NORDIC STAR,H302,S K Sit,Y O Wong,130,1158,9,16,1.11.40,51,9,NA,NA,NA,NA,NA
11,10,GO BRITANNIA,J084,M W Leung,J Moore,110,1025,5,18-3/4,1.11.90,64,NA,NA,NA,NA,NA,NA
1,6,WATCH WHAT HAPPENS,H145,D Whyte,S Woods,124,1045,11,-,1.38.60,3.5,9,NA,NA,NA,NA,NA
2,7,KIMBO KID,CC37,K L Chui,A S Cruz,117,1078,3,1/2,1.38.70,8,NA,NA,NA,NA,NA,NA
3,4,WHATABOB,CD21,D Beadman,J Moore,128,1189,4,1-1/4,1.38.80,8.4,8,NA,NA,NA,NA,NA
4,1,GREAT ACHIEVEMENT,CD25,B Prebble,K L Man,132,1141,7,2,1.38.90,14,6,NA,NA,NA,NA,NA
5,2,TOP HONOR,E183,G Mosse,A Lee,130,1026,9,2-1/2,1.39.00,5.7,7,NA,NA,NA,NA,NA
6,10,ROCKET WIN,E249,W M Lai,P F Yiu,116,1059,10,4,1.39.30,11,NA,NA,NA,NA,NA,NA
7,12,CALIFORNIA BISHOP,CD35,S K Sit,A S Cruz,112,1135,13,4-1/2,1.39.30,50,3,NA,NA,NA,NA,NA
8,8,ALBERTINELLI,H111,M Nunes,K W Lui,121,1238,6,5-3/4,1.39.50,21,NA,NA,NA,NA,NA,NA
9,11,AMPLE GAINS,E021,H W Lai,K L Man,114,1130,12,6,1.39.60,14,13,NA,NA,NA,NA,NA
10,5,TIME SUPREME,E012,Z Purton,C Fownes,125,1043,2,7-3/4,1.39.90,30,NA,NA,NA,NA,NA,NA
11,9,GLOBAL WIN,G109,A Delpech,D E Ferraris,121,1176,8,9-1/4,1.40.10,19,2,NA,NA,NA,NA,NA
12,3,GOOD NATURE,E153,E Saint-Martin,P O'Sullivan,128,1149,1,10,1.40.20,67,11,NA,NA,NA,NA,NA
13,13,INDUSTRIAL MARVEL,G188,M W Leung,C H Yip,108,1061,5,16-1/2,1.41.30,8.7,1,NA,NA,NA,NA,NA
1,10,HANDSOME TARGET,H269,B Prebble,D J Hall,118,1060,4,-,1.22.30,3.3,7,NA,NA,NA,NA,NA
2,9,FAVOURITE SUPREME,H203,E Saint-Martin,C S Shum,119,1045,10,HD,1.22.30,7.2,11,NA,NA,NA,NA,NA
3,8,WIN A DOZEN,H262,K T Yeung,K L Man,114,1103,8,1/2,1.22.40,79,2,NA,NA,NA,NA,NA
4,5,CRAIG'S DRAGON,H131,D Beadman,J Moore,124,1202,3,1-1/2,1.22.50,3,5,NA,NA,NA,NA,NA
5,6,SUPER SNIPPETS,G217,O Doleuze,P O'Sullivan,124,1113,13,1-3/4,1.22.60,13,13,NA,NA,NA,NA,NA
6,7,THUNDER DANCING,G250,H W Lai,Y S Tsui,120,1095,1,2-1/2,1.22.70,7.8,6,NA,NA,NA,NA,NA
7,4,MAINLAND SHUTTLE,G315,G Mosse,A Lee,126,1125,2,3,1.22.70,19,9,NA,NA,NA,NA,NA
8,12,WELL NOTED,G313,M Nunes,S Woods,115,1189,12,3,1.22.80,18,12,NA,NA,NA,NA,NA
9,1,MARIBEAU,H213,D Whyte,J Size,133,1122,6,3-1/4,1.22.80,10,3,NA,NA,NA,NA,NA
10,3,HERE WE GO,H247,K L Chui,A S Cruz,124,1168,9,5,1.23.10,87,8,NA,NA,NA,NA,NA
11,11,LADY FIRST,J067,M W Leung,T W Leung,111,1056,11,5-1/4,1.23.10,99,10,NA,NA,NA,NA,NA
12,2,MASSIVE STAR,J126,W M Lai,C H Yip,128,1145,7,10-1/4,1.23.90,66,1,NA,NA,NA,NA,NA
13,13,BLUE SAINT,J080,S K Sit,L Ho,112,1058,5,15-3/4,1.24.80,99,4,NA,NA,NA,NA,NA
1,1,O'REILLY RALLY,H266,B Prebble,A S Cruz,133,1129,8,-,1.22.60,2.4,3,NA,NA,NA,NA,NA
2,11,BE MY SONG,H272,S K Sit,P F Yiu,115,1196,11,1-3/4,1.22.80,66,2,NA,NA,NA,NA,NA
3,4,ALL TIME HIGH,G285,K L Chui,A S Cruz,120,1262,4,2-1/4,1.22.90,14,5,NA,NA,NA,NA,NA
4,9,KING PRAWN SUPREME,J076,D Whyte,J Size,120,1177,2,2-1/2,1.23.00,4,NA,NA,NA,NA,NA,NA
5,12,GOOD PARTNER,E221,K T Yeung,K L Man,111,1130,6,2-1/2,1.23.00,25,8,NA,NA,NA,NA,NA
6,13,RELY ON ME,E068,A Delpech,D Cruz,116,1229,5,3-1/4,1.23.10,73,1,NA,NA,NA,NA,NA
7,5,MAGIC SWEEP,H299,G Boss,D E Ferraris,125,1078,1,3-3/4,1.23.20,13,6,NA,NA,NA,NA,NA
8,2,TRIUMPHANT DIAMOND,G227,E Saint-Martin,C S Shum,127,1094,9,4-1/4,1.23.30,18,14,NA,NA,NA,NA,NA
9,10,WINBO,J085,D Beadman,C H Yip,119,1050,7,4-1/2,1.23.30,8.2,10,NA,NA,NA,NA,NA
10,3,CAGA BOY,G060,M Nunes,K W Lui,126,1165,12,4-3/4,1.23.30,28,11,NA,NA,NA,NA,NA
11,8,AMBITIOUS OWNER,J106,W M Lai,C S Shum,118,1004,14,4-3/4,1.23.40,99,13,NA,NA,NA,NA,NA
12,7,GOAL KEEPER,H277,G Mosse,P O'Sullivan,123,1189,13,6-1/4,1.23.60,14,NA,NA,NA,NA,NA,NA
13,6,HAPPY GO LUCKY,H127,O Doleuze,C Fownes,124,1134,10,7-1/2,1.23.80,24,9,NA,NA,NA,NA,NA
14,14,MAGIC TOUCH,CB39,H W Lai,L Ho,112,1135,3,10-1/4,1.24.20,99,7,NA,NA,NA,NA,NA
1,9,TERRIFIC BRETHREN,H298,K L Chui,A S Cruz,116,1160,10,-,1.09.60,5.3,2,NA,NA,NA,NA,NA
2,7,TOWKAY FLYER,J036,G Mosse,A Lee,122,1060,4,1/2,1.09.70,7.1,3,NA,NA,NA,NA,NA
3,12,MOONGLOW,G008,D Beadman,K L Man,119,1096,12,3/4,1.09.70,14,7,NA,NA,NA,NA,NA
4,3,CHINA LUJIA,J088,B Prebble,P O'Sullivan,123,1097,1,1-1/2,1.09.90,3.5,8,NA,NA,NA,NA,NA
5,1,RAINBOW OASIS,H165,D Whyte,Y S Tsui,129,1166,13,2-1/4,1.10.00,6.3,6,NA,NA,NA,NA,NA
6,10,AMAZING VENTURE,J039,F Coetzee,D E Ferraris,120,1028,9,2-1/4,1.10.00,37,12,NA,NA,NA,NA,NA
7,4,LUCKY RED,J059,W M Lai,T K Ng,121,1104,8,3-1/2,1.10.20,10,5,NA,NA,NA,NA,NA
8,11,FLYING KENNY,CC24,M W Leung,T W Leung,115,1135,5,4,1.10.30,10,9,NA,NA,NA,NA,NA
9,2,SUPER MUSIC,G248,O Doleuze,A Schutz,128,1221,2,5,1.10.40,21,4,NA,NA,NA,NA,NA
10,14,SILLY BOY,CC09,M Nunes,A T Millard,114,1213,3,5-1/4,1.10.50,22,NA,NA,NA,NA,NA,NA
11,6,TREMENDOUS PLUS,G275,S K Sit,C W Chang,121,1135,7,7-1/2,1.10.80,31,11,NA,NA,NA,NA,NA
12,5,PERFECT MATCH,J072,A Delpech,J Size,123,1081,11,8,1.10.90,43,13,NA,NA,NA,NA,NA
13,8,HORSE POWER,H079,C W Wong,Y O Wong,116,945,6,8-1/2,1.11.00,99,NA,NA,NA,NA,NA,NA
WV,13,SOU MA TAM,H253,G Boss,C Fownes,116,1181,---,---,---,---,NA,NA,NA,NA,NA,NA
1,9,FULL OF JOY,G293,H W Lai,A Lee,110,1073,1,-,1.34.40,5.4,3,NA,NA,NA,NA,NA
2,7,BULLISH CASH,H049,K L Chui,A S Cruz,115,1048,8,NOSE,1.34.40,4.9,8,NA,NA,NA,NA,NA
3,5,HAIL THE STORM,E125,O Doleuze,C Fownes,122,1123,3,SH,1.34.40,22,2,NA,NA,NA,NA,NA
4,8,FELLOWSHIP,G292,G Boss,P O'Sullivan,116,1147,2,N,1.34.40,3.9,5,NA,NA,NA,NA,NA
5,3,SUNNY KING,H105,D Beadman,J Moore,127,1190,6,N,1.34.40,2.5,4,NA,NA,NA,NA,NA
6,6,AGILITY,CC36,G Mosse,S Woods,121,1103,4,1-1/4,1.34.60,57,NA,NA,NA,NA,NA,NA
7,4,SILVER SUN,E126,C Soumillon,C H Yip,123,1150,5,1-1/2,1.34.60,14,6,NA,NA,NA,NA,NA
8,1,TIBER,CD15,E Saint-Martin,J Moore,131,1127,7,4-3/4,1.35.10,25,1,NA,NA,NA,NA,NA
WV,2,EXCELLENT BOY,E238,D Whyte,C Fownes,128,-,---,---,---,---,NA,NA,NA,NA,NA,NA
1,1,ONE WORLD,H133,D Beadman,J Moore,131,1091,1,-,1.09.60,5.8,7,NA,NA,NA,NA,NA
2,7,MY HOME TOWN,H331,D Whyte,J Size,121,1094,6,+SH,1.09.50,2.3,5,NA,NA,NA,NA,NA
3,8,SOLAR ENERGY,J105,S K Sit,C W Chang,118,1076,2,HD,1.09.60,99,11,NA,NA,NA,NA,NA
4,5,DOUBLE LUCK,H239,C Soumillon,K L Man,128,1040,10,1-1/4,1.09.70,7.2,4,NA,NA,NA,NA,NA
5,12,LIFELINE PEGASUS,H067,A Delpech,A T Millard,114,1193,4,2-1/2,1.09.90,4.2,6,NA,NA,NA,NA,NA
6,3,SHANGDONG GENERAL,H077,B Prebble,Y S Tsui,129,1118,11,3-3/4,1.10.20,34,NA,NA,NA,NA,NA,NA
7,11,WHISKY POWER,H291,F Coetzee,C W Chang,118,1103,12,4-3/4,1.10.30,23,2,NA,NA,NA,NA,NA
8,10,NEW CHAPTER,H314,O Doleuze,P O'Sullivan,119,1142,8,5,1.10.30,99,12,NA,NA,NA,NA,NA
9,9,STAREILLY,J083,K L Chui,A S Cruz,114,1195,3,8,1.10.80,30,NA,NA,NA,NA,NA,NA
10,4,BOOMING CITY,E325,K T Yeung,A Lee,121,1198,5,8-1/2,1.10.90,13,10,NA,NA,NA,NA,NA
11,6,BELONG TO CASA,J064,G Mosse,A S Cruz,123,1182,7,14-1/2,1.11.90,31,1,NA,NA,NA,NA,NA
12,2,WIN-A-LOT,J124,Z Purton,S Woods,130,1042,9,14-3/4,1.11.90,99,9,NA,NA,NA,NA,NA
1,7,SPECIAL DRAGON,H325,K L Chui,A S Cruz,120,1105,13,-,1.35.50,5,1,NA,NA,NA,NA,NA
2,2,JAMESINA,H290,C Soumillon,D E Ferraris,129,1076,10,3/4,1.35.60,6.2,14,NA,NA,NA,NA,NA
3,11,CRUSH ON YOU,H065,B Prebble,D J Hall,119,1095,11,1-1/4,1.35.70,20,10,NA,NA,NA,NA,NA
4,5,ROMANTIC GREEN,G123,O Doleuze,C Fownes,126,1052,7,3-1/2,1.36.00,27,4,NA,NA,NA,NA,NA
5,1,BOLD CHAMPION,G127,G Mosse,P F Yiu,130,1033,8,3-1/2,1.36.00,12,2,NA,NA,NA,NA,NA
6,4,FOREST FOUNTAIN,J047,D Whyte,C H Yip,128,998,1,4-1/2,1.36.20,3.6,8,NA,NA,NA,NA,NA
7,10,SOUND OF SILENCE,CD13,Z Purton,K L Man,123,1087,3,4-3/4,1.36.20,37,5,NA,NA,NA,NA,NA
8,14,CHINSOLA,CD32,H W Lai,L Ho,112,986,12,5,1.36.30,53,12,NA,NA,NA,NA,NA
9,6,AMAZING FORTUNE,H235,M Nunes,K W Lui,125,1086,14,5-1/4,1.36.30,8,11,NA,NA,NA,NA,NA
10,12,CELESTIAL WONDER,G046,D Beadman,A Schutz,118,1007,4,5-3/4,1.36.40,19,3,NA,NA,NA,NA,NA
11,3,MY FAITH,H054,G Boss,D Cruz,129,1042,5,6-1/4,1.36.50,45,7,NA,NA,NA,NA,NA
12,13,BULB TREASURE,H048,W M Lai,T K Ng,113,1055,2,6-1/2,1.36.50,99,6,NA,NA,NA,NA,NA
13,8,DECENT FELLOW,H021,F Coetzee,B K Ng,124,1011,9,6-1/2,1.36.50,9.1,12,NA,NA,NA,NA,NA
14,9,MYTHIC STEED,CD20,P H Lo,C W Chang,116,996,6,6-3/4,1.36.60,20,8,NA,NA,NA,NA,NA
1,2,SANZIRO,E208,G Boss,C Fownes,130,1165,14,-,1.09.50,34,14,NA,NA,NA,NA,NA
2,12,LUCKY HERO,H135,Z Purton,J Moore,117,1099,7,1/2,1.09.60,2.5,1,NA,NA,NA,NA,NA
3,3,COUNTRY MUSIC,CD03,K L Chui,A S Cruz,124,1240,4,3/4,1.09.60,28,NA,NA,NA,NA,NA,NA
4,8,MAVERICK STAR,E279,F Coetzee,C H Yip,119,1159,9,3/4,1.09.60,15,NA,NA,NA,NA,NA,NA
5,4,TCHAIKOVSKY,E030,B Prebble,D J Hall,125,1143,3,1-1/4,1.09.70,5.7,2,NA,NA,NA,NA,NA
6,6,ULTRA FANTASY,G311,M Nunes,D E Ferraris,122,1216,5,1-1/2,1.09.70,23,3,NA,NA,NA,NA,NA
7,9,ELEGANT WIN,G297,O Doleuze,P O'Sullivan,119,1145,10,1-3/4,1.09.80,6.9,13,NA,NA,NA,NA,NA
8,1,KING ENCOSTA,G247,E Saint-Martin,A S Cruz,133,1219,12,2-3/4,1.09.90,18,12,NA,NA,NA,NA,NA
9,11,LUCKY WINNER,E124,A Delpech,A Schutz,116,1130,1,2-3/4,1.09.90,38,6,NA,NA,NA,NA,NA
10,10,MASTER POWER,G318,D Beadman,J Moore,118,1084,6,4-1/2,1.10.20,35,11,NA,NA,NA,NA,NA
11,5,DEFERENTIAL,H328,D Whyte,C Fownes,124,1083,8,5-1/2,1.10.30,5.9,7,NA,NA,NA,NA,NA
12,13,BULB KING,CD30,S K Sit,T K Ng,112,1120,11,6,1.10.50,99,5,NA,NA,NA,NA,NA
13,7,DOWN THE WICKET,H059,G Mosse,A Lee,121,1107,2,10-1/2,1.11.20,32,10,NA,NA,NA,NA,NA
14,14,SUGAR ON TOP,G274,W M Lai,T K Ng,111,1083,13,15-1/4,1.11.90,99,8,NA,NA,NA,NA,NA
1,7,AMAZING CHOISIR,H189,C Soumillon,C Fownes,126,1052,1,-,1.22.60,2.8,5,NA,NA,NA,NA,NA
2,2,MASCOT FORTUNE,H221,B Prebble,K L Man,133,1081,6,N,1.22.70,3.7,4,NA,NA,NA,NA,NA
3,9,NATURAL FATCHOY,G282,K L Chui,A S Cruz,120,1082,9,3/4,1.22.70,7.9,2,NA,NA,NA,NA,NA
4,11,KENOBE,H222,O Doleuze,A Schutz,122,1058,4,1-1/4,1.22.80,18,9,NA,NA,NA,NA,NA
5,14,KING OF SPADES,CC05,W M Lai,T K Ng,111,1047,11,3,1.23.10,51,NA,NA,NA,NA,NA,NA
6,12,EXPEDITIOUS,E136,F Coetzee,B K Ng,119,1103,2,3,1.23.10,24,7,NA,NA,NA,NA,NA
7,4,REAL SURPRISE,E301,M Nunes,Y O Wong,131,1127,10,3-3/4,1.23.20,83,NA,NA,NA,NA,NA,NA
8,8,FIRST KNIGHT,CB35,M W Leung,S Woods,121,1217,5,4-1/4,1.23.30,33,10,NA,NA,NA,NA,NA
9,1,BAJAN BELL,G142,D Whyte,J Size,133,1160,13,5,1.23.40,26,NA,NA,NA,NA,NA,NA
10,5,ANIMATION,J035,E Saint-Martin,C S Shum,128,1045,7,5-1/4,1.23.40,5.8,6,NA,NA,NA,NA,NA
11,6,TYCOON TAYLOR,H288,A Delpech,Y S Tsui,128,1023,12,5-1/2,1.23.50,57,8,NA,NA,NA,NA,NA
12,10,OPERA MAGIC,CB40,C W Wong,C H Yip,120,1196,8,6,1.23.60,86,NA,NA,NA,NA,NA,NA
13,3,SAVUTE,E326,H W Lai,L Ho,130,1099,3,8,1.23.90,18,1,NA,NA,NA,NA,NA
14,13,GALAXY DANCER,H179,S K Sit,K W Lui,113,1179,14,ML,---,54,14,NA,NA,NA,NA,NA
1,5,HELENE MASCOT,J164,F Coetzee,A S Cruz,126,1203,3,-,1.34.30,11,5,NA,NA,NA,NA,NA
2,9,HORACE'S CHOICE,H169,G Boss,C Fownes,126,1141,10,N,1.34.40,24,8,NA,NA,NA,NA,NA
3,8,FEARLESS,H301,D Whyte,D E Ferraris,126,1123,1,1-1/2,1.34.60,10,3,NA,NA,NA,NA,NA
4,1,GREEN BIRDIE,H245,O Doleuze,C Fownes,126,1080,13,1-1/2,1.34.60,7.8,13,NA,NA,NA,NA,NA
5,4,HIGH POINT,H215,G Mosse,C S Shum,126,1109,11,3-1/4,1.34.80,14,6,NA,NA,NA,NA,NA
6,12,JACKPOT DELIGHT,J101,D Beadman,C Fownes,126,1181,7,3-1/2,1.34.90,11,3,NA,NA,NA,NA,NA
7,11,ISLAND SUPER,H297,E Saint-Martin,C S Shum,126,1051,2,4-1/4,1.35.00,18,7,NA,NA,NA,NA,NA
8,10,EXPRESS WIN,J042,M Nunes,C H Yip,126,1124,9,4-3/4,1.35.10,99,11,NA,NA,NA,NA,NA
9,2,NEVER LOOK BACK,J043,B Prebble,P O'Sullivan,126,1122,6,5-1/2,1.35.20,2.1,2,NA,NA,NA,NA,NA
10,13,STOLEN THUNDER,J003,Z Purton,C W Chang,126,1156,4,5-1/2,1.35.20,62,9,NA,NA,NA,NA,NA
11 DH,3,AMBITIOUS GENERAL,J066,A Delpech,D J Hall,126,1116,8,6-1/2,1.35.30,55,11,NA,NA,NA,NA,NA
11 DH,7,VISIONARIO,J095,C Soumillon,S Woods,126,1051,5,6-1/2,1.35.30,25,10,NA,NA,NA,NA,NA
13,6,LUCKYME,H012,K L Chui,A S Cruz,126,1115,12,7,1.35.40,10,1,NA,NA,NA,NA,NA
1,2,GOOD BA BA,E201,O Doleuze,A Schutz,126,1102,4,-,1.34.30,3.3,6,NA,NA,NA,NA,NA
2,4,FLORAL PEGASUS,G011,G Mosse,A S Cruz,126,1228,2,1-1/4,1.34.50,5.1,3,NA,NA,NA,NA,NA
3,1,VIVA PATACA,G096,D Beadman,J Moore,126,1125,7,3,1.34.70,1.9,8,NA,NA,NA,NA,NA
4,3,DOWN TOWN,G054,D Whyte,C H Yip,126,1126,6,3-1/4,1.34.80,9.4,2,NA,NA,NA,NA,NA
5,6,ABLE ONE,G108,G Boss,J Moore,126,1155,1,3-3/4,1.34.90,41,1,NA,NA,NA,NA,NA
6,10,ROYAL PRINCE,H072,B Prebble,A S Cruz,126,1204,5,4-1/4,1.34.90,30,NA,NA,NA,NA,NA,NA
7,8,VIVA MACAU,H110,Z Purton,J Moore,126,1164,3,6-1/4,1.35.20,64,5,NA,NA,NA,NA,NA
8,9,ART TRADER,E131,E Saint-Martin,J Moore,126,1079,8,10-3/4,1.36.00,67,7,NA,NA,NA,NA,NA
WV,5,JOYFUL WINNER,E045,C Soumillon,J Moore,126,1095,---,---,---,---,NA,NA,NA,NA,NA,NA
WV,7,SIR ERNESTO,G051,A Delpech,D Cruz,126,1183,---,---,---,---,NA,NA,NA,NA,NA,NA
1,13,LUCKY MONEY,E159,M W Leung,T W Leung,111,1085,13,-,1.35.10,53,1,NA,NA,NA,NA,NA
2,11,LIVERBIRD,E055,G Boss,C S Shum,117,1139,6,1/2,1.35.20,40,7,NA,NA,NA,NA,NA
3,1,BOLD WIN,E282,K L Chui,D J Hall,127,1074,10,3/4,1.35.20,25,NA,NA,NA,NA,NA,NA
4,9,HAPPY MASTER,E050,O Doleuze,K L Man,119,1060,3,3/4,1.35.30,15,11,NA,NA,NA,NA,NA
5,10,INDUSTRIAL SUCCESS,CC31,C W Wong,C H Yip,112,1091,2,1-3/4,1.35.40,98,NA,NA,NA,NA,NA,NA
6,4,HOLD HANDS,H116,B Prebble,C Fownes,129,1040,9,2-1/4,1.35.50,10,13,NA,NA,NA,NA,NA
7,5,SPECIAL DAYS,H236,D Whyte,J Size,126,1181,4,2-1/2,1.35.50,1.7,6,NA,NA,NA,NA,NA
8,8,BODACIOUS,CD17,S K Sit,D J Hall,116,1054,12,3-1/4,1.35.60,99,NA,NA,NA,NA,NA,NA
9,3,EIGHT PLUS NINE,H259,K T Yeung,A Lee,122,1110,11,3-1/4,1.35.60,11,4,NA,NA,NA,NA,NA
10,12,PACHINKO,H208,F Coetzee,D E Ferraris,117,1155,8,3-1/2,1.35.60,7.9,8,NA,NA,NA,NA,NA
11,2,MUTUAL FUN,H098,D Beadman,J Moore,130,1114,1,3-1/2,1.35.70,8.2,10,NA,NA,NA,NA,NA
12,14,WONG'S SUCCESS,E107,H W Lai,K W Lui,112,1090,5,4,1.35.80,99,12,NA,NA,NA,NA,NA
13,7,EQUATOR KID,CC13,P H Lo,Y S Tsui,112,1143,14,7-3/4,1.36.30,99,NA,NA,NA,NA,NA,NA
14,6,SUPER BABY,H227,A Delpech,D Cruz,122,1096,7,11-3/4,1.37.00,60,9,NA,NA,NA,NA,NA
1,5,LU YUE,H278,B Prebble,C H Yip,121,1197,5,-,1.47.30,7.8,3,NA,NA,NA,NA,NA
2,8,WIN PRACTITIONER,G180,F Coetzee,C Fownes,120,1088,8,N,1.47.40,5.6,10,NA,NA,NA,NA,NA
3,13,SINGING DINERS,H063,D Whyte,C S Shum,117,1180,4,2,1.47.60,5.9,7,NA,NA,NA,NA,NA
4,7,SOUTH BREEZE,G241,E Saint-Martin,A Lee,120,1242,10,3,1.47.70,11,13,NA,NA,NA,NA,NA
5,6,MAN IN THE MIRROR,H058,A Delpech,J Size,121,1148,6,3-1/2,1.47.80,57,12,NA,NA,NA,NA,NA
6,2,CRUSADER OF GOLD,E188,C Soumillon,D E Ferraris,126,1067,12,3-3/4,1.47.80,8,NA,NA,NA,NA,NA,NA
7,1,JOY AND FUN,H014,O Doleuze,D Cruz,130,1132,2,4-1/4,1.48.00,4.3,9,NA,NA,NA,NA,NA
8,9,FANTASTIC DANCER,J001,M Nunes,S Woods,119,1113,11,4-1/2,1.48.00,79,1,NA,NA,NA,NA,NA
9,11,DASH AHEAD,CD19,H W Lai,L Ho,114,1074,3,4-3/4,1.48.10,30,11,NA,NA,NA,NA,NA
10,12,SAFETY FIRST,G161,G Boss,P F Yiu,117,1070,7,6-1/4,1.48.30,13,4,NA,NA,NA,NA,NA
11,10,MEDICO,H075,D Beadman,J Moore,119,1090,9,7-1/4,1.48.40,19,8,NA,NA,NA,NA,NA
12,4,UPSIDE OF ANGER,H317,Z Purton,P O'Sullivan,123,1158,14,15-1/2,1.49.70,99,5,NA,NA,NA,NA,NA
13,14,FASHFIELD,H307,C W Wong,Y O Wong,110,1222,13,16-1/2,1.49.90,99,2,NA,NA,NA,NA,NA
14,3,FLYING TAMARI,G151,G Mosse,A Lee,126,1096,1,17,1.50.00,10,6,NA,NA,NA,NA,NA
1,1,SUPREMACY,CD31,C Soumillon,D E Ferraris,129,1094,7,-,1.10.90,2.3,4,NA,NA,NA,NA,NA
2,11,GREAT HERO,H016,K T Yeung,K L Man,110,1117,12,1-1/2,1.11.10,17,9,NA,NA,NA,NA,NA
3,6,WILD ACE,H009,G Boss,C H Yip,121,1178,3,1-3/4,1.11.20,17,8,NA,NA,NA,NA,NA
4,10,TATTENHALL DELIGHT,G068,M Nunes,T W Leung,117,1093,11,2-1/4,1.11.20,9.6,12,NA,NA,NA,NA,NA
5,5,JADE DANCER,E170,E Saint-Martin,D J Hall,121,1174,5,3,1.11.40,7.1,5,NA,NA,NA,NA,NA
6,9,CALIFORNIA HEART,E078,K L Chui,A S Cruz,112,1132,9,4,1.11.50,12,NA,NA,NA,NA,NA,NA
7,4,DIVINE TOUCH,G291,G Mosse,A Lee,124,1126,2,6-3/4,1.12.00,6.8,2,NA,NA,NA,NA,NA
8,7,GOOD TRIO,CD02,O Doleuze,Y S Tsui,120,1133,4,7-1/4,1.12.10,9.7,11,NA,NA,NA,NA,NA
9,8,GRAND GENERAL,J113,Z Purton,B K Ng,119,1113,8,10-1/2,1.12.50,29,3,NA,NA,NA,NA,NA
10,2,JUST RIGHT,H300,W M Lai,T K Ng,125,1120,6,10-1/2,1.12.60,82,1,NA,NA,NA,NA,NA
11,12,MOUNT SURPLUS,H122,H W Lai,K W Lui,112,908,10,11-3/4,1.12.80,99,6,NA,NA,NA,NA,NA
12,3,REDHILL COMMANDER,H078,B Prebble,P O'Sullivan,126,1281,1,16,1.13.40,27,7,NA,NA,NA,NA,NA
1,2,GOLDEN BALL,H128,O Doleuze,C W Chang,129,1118,1,-,1.41.30,13,4,NA,NA,NA,NA,NA
2,4,SUPREME GOLD,H205,C Soumillon,K L Man,128,1053,3,SH,1.41.40,5.2,5,NA,NA,NA,NA,NA
3,7,JUGGERNAUT,J019,M Nunes,S Woods,119,1200,9,2-1/2,1.41.70,12,2,NA,NA,NA,NA,NA
4,8,SPRING SMILES,G269,B Prebble,P O'Sullivan,118,1009,5,3-1/4,1.41.80,2.4,9,NA,NA,NA,NA,NA
5,3,JOY TRUMPS,CD24,D Beadman,Y O Wong,128,1110,4,4-3/4,1.42.10,7.5,7,NA,NA,NA,NA,NA
6,9,CITY SURFER,G129,P H Lo,C H Yip,110,1031,11,5-1/4,1.42.20,64,1,NA,NA,NA,NA,NA
7,12,DRAGON STRIDE,CC37,W M Lai,T K Ng,111,1149,8,6-1/4,1.42.30,14,11,NA,NA,NA,NA,NA
8,5,GALLANT KNIGHT,CC18,G Mosse,A T Millard,124,1063,10,6-1/2,1.42.40,11,NA,NA,NA,NA,NA,NA
9,10,SHINING DAY,E163,K L Chui,A S Cruz,112,1176,2,6-3/4,1.42.40,15,6,NA,NA,NA,NA,NA
10,11,SUPREME DRAGON,H161,G Boss,C W Chang,117,1190,6,7-1/4,1.42.50,25,10,NA,NA,NA,NA,NA
11,6,BRAVO HORSE,H312,H W Lai,T W Leung,119,1036,12,7-1/2,1.42.50,42,12,NA,NA,NA,NA,NA
12,1,DOUBLE PLEASURE,CD06,F Coetzee,D E Ferraris,131,1092,7,8-1/2,1.42.70,60,NA,NA,NA,NA,NA,NA
1,2,WINNING FELLOWSHIP,G146,E Saint-Martin,C S Shum,128,1193,11,-,1.22.30,6.4,11,NA,NA,NA,NA,NA
2,6,MAGIC SWEEP,H299,B Prebble,D E Ferraris,121,1079,9,3/4,1.22.40,17,8,NA,NA,NA,NA,NA
3,7,LUCKY FRUIT,G026,O Doleuze,P O'Sullivan,120,1109,3,1-1/2,1.22.50,24,4,NA,NA,NA,NA,NA
4,10,LASER TIGER,G251,W M Lai,D J Hall,111,1067,10,2,1.22.60,6.8,NA,NA,NA,NA,NA,NA
5,1,GRAND CRU,G265,D Beadman,J Moore,130,1125,7,2-3/4,1.22.70,3,9,NA,NA,NA,NA,NA
6,5,ALL TIME HIGH,G285,K L Chui,A S Cruz,117,1269,6,3,1.22.80,7.3,2,NA,NA,NA,NA,NA
7,8,SUPER HONEY,E187,M Nunes,J Size,119,1184,1,4-1/4,1.22.90,34,7,NA,NA,NA,NA,NA
8,11,SUPER GOAL MASTER,G220,H W Lai,C Fownes,110,1113,4,4-1/4,1.23.00,12,6,NA,NA,NA,NA,NA
9,9,SCOOT DA LOOT,H274,G Boss,A Schutz,118,967,5,6-1/2,1.23.30,10,3,NA,NA,NA,NA,NA
10,4,NICE KING,G147,G Mosse,A Lee,126,1067,2,6-3/4,1.23.30,34,10,NA,NA,NA,NA,NA
11,3,ENCHANTED,E065,F Coetzee,C W Chang,126,1122,8,7,1.23.40,9.3,5,NA,NA,NA,NA,NA
1,13,MAGIC CHARIOT,H094,Z Purton,C W Chang,117,1178,9,-,0.57.50,8.3,3,NA,NA,NA,NA,NA
2,7,THUNDER FLASH,G270,B Prebble,D J Hall,125,1105,2,N,0.57.60,7,2,NA,NA,NA,NA,NA
3,2,NORTHERN HERO,G172,G Boss,P O'Sullivan,131,1194,14,1/2,0.57.60,11,NA,NA,NA,NA,NA,NA
4,11,SPRING SUN,J128,E Saint-Martin,C S Shum,120,1176,13,3/4,0.57.60,7.4,5,NA,NA,NA,NA,NA
5,12,COSMO SUCCESSOR,H118,K L Chui,A S Cruz,112,1067,10,3-1/4,0.58.00,7.3,1,NA,NA,NA,NA,NA
6,6,MAGIC TURBO,J098,O Doleuze,T W Leung,125,1030,5,3-1/2,0.58.00,33,12,NA,NA,NA,NA,NA
7,3,WHIPLASH,G072,C Soumillon,C Fownes,130,1172,11,3-3/4,0.58.10,56,14,NA,NA,NA,NA,NA
8,9,PLEZAYRE,G116,D Beadman,J Moore,121,1078,7,5-1/2,0.58.40,20,9,NA,NA,NA,NA,NA
9,10,LUCIA,H229,F Coetzee,J Size,120,1085,12,5-1/2,0.58.40,2.6,NA,NA,NA,NA,NA,NA
10,14,SPEED FIGHTER,CD35,M Nunes,P F Yiu,116,1115,1,5-1/2,0.58.40,60,7,NA,NA,NA,NA,NA
11,1,GUAN DAO,H211,K T Yeung,A Lee,125,1166,8,6-1/2,0.58.50,21,8,NA,NA,NA,NA,NA
12,4,MASSIVE STAR,J126,W M Lai,C H Yip,125,1156,3,7-1/4,0.58.60,70,13,NA,NA,NA,NA,NA
13,5,NORDIC STAR,H302,P H Lo,Y O Wong,120,1157,6,12-1/4,0.59.50,99,5,NA,NA,NA,NA,NA
14,8,SUPER GENERAL,J107,H W Lai,K L Man,119,1073,4,12-3/4,0.59.50,41,10,NA,NA,NA,NA,NA
1,4,LIBERAL'S KNIGHT,E272,F Coetzee,J Size,126,1144,3,-,1.09.40,4.1,3,NA,NA,NA,NA,NA
2,8,CHATER POWER,G312,Z Purton,D E Ferraris,120,1156,2,1-1/4,1.09.50,9.3,4,NA,NA,NA,NA,NA
3,5,GRAND STORE,H087,B Prebble,Y S Tsui,123,1062,11,1-3/4,1.09.60,2.9,5,NA,NA,NA,NA,NA
4,10,ROYAL PERICLES,H050,E Saint-Martin,T K Ng,120,1108,5,2-1/2,1.09.80,7.5,6,NA,NA,NA,NA,NA
5,1,ADAIKALI,E181,D Beadman,S Woods,132,1106,1,3-1/4,1.09.90,5.8,2,NA,NA,NA,NA,NA
6,12,AMPLE GAINS,E021,H W Lai,K L Man,113,1140,12,5-1/4,1.10.20,49,12,NA,NA,NA,NA,NA
7,3,ISLAND SPEED,G202,O Doleuze,B K Ng,126,1191,10,8,1.10.70,21,1,NA,NA,NA,NA,NA
8,6,JIANG JUN,E281,G Boss,C H Yip,123,1109,6,9,1.10.80,15,11,NA,NA,NA,NA,NA
9,11,SING FAY FAY,E074,K T Yeung,A T Millard,110,1151,7,10-3/4,1.11.10,75,9,NA,NA,NA,NA,NA
10,9,CHEERFUL MASTER,E309,P H Lo,A Lee,112,1159,4,11-1/2,1.11.20,96,7,NA,NA,NA,NA,NA
11,2,DEFERENTIAL,H328,G Mosse,C Fownes,127,1070,9,12,1.11.30,19,8,NA,NA,NA,NA,NA
12,7,SUPERIOR UNIT,J045,W M Lai,D J Hall,121,1133,8,16-1/4,1.12.00,99,10,NA,NA,NA,NA,NA
1,12,BEAUTIFUL CHOICE,H130,O Doleuze,Y S Tsui,120,1115,5,-,1.23.20,4.7,1,NA,NA,NA,NA,NA
2,4,HAPPY AMBASSADOR,H286,B Prebble,K W Lui,129,1027,4,1-1/4,1.23.40,2.7,7,NA,NA,NA,NA,NA
3,8,DASH,G236,G Boss,C H Yip,125,1068,3,1-1/2,1.23.40,51,6,NA,NA,NA,NA,NA
4,1,RELY ON ME,E068,C Soumillon,D Cruz,132,1221,2,2-3/4,1.23.60,11,4,NA,NA,NA,NA,NA
5,7,AMAZING JOURNEY,H281,W M Lai,P O'Sullivan,124,1065,6,3-1/2,1.23.80,13,5,NA,NA,NA,NA,NA
6,10,HELENE ELITE,J093,K L Chui,A S Cruz,119,1107,8,3-3/4,1.23.80,35,9,NA,NA,NA,NA,NA
7,14,DASHING WINNER,CA01,K T Yeung,B K Ng,110,1128,12,4,1.23.80,98,10,NA,NA,NA,NA,NA
8,2,STEEL NERVES,G320,D Beadman,A Schutz,132,1085,13,4,1.23.80,11,11,NA,NA,NA,NA,NA
9,11,MOSHI MOSHI,G255,Z Purton,J Moore,122,1083,1,4-1/4,1.23.90,13,NA,NA,NA,NA,NA,NA
10,3,WELL NOTED,G313,M Nunes,S Woods,132,1203,9,5-1/4,1.24.00,14,8,NA,NA,NA,NA,NA
11,13,UNDERDOG,H172,H W Lai,T W Leung,115,963,10,5-1/2,1.24.10,99,NA,NA,NA,NA,NA,NA
12,9,BELIEVE ME,J004,P H Lo,D Cruz,117,1063,7,5-3/4,1.24.10,99,NA,NA,NA,NA,NA,NA
13,6,PALAIS D'OR,H185,G Mosse,A Lee,128,1199,11,6-1/2,1.24.20,6,13,NA,NA,NA,NA,NA
WV,5,SPINMASTER,H188,F Coetzee,J Size,129,1102,---,---,---,---,NA,NA,NA,NA,NA,NA
1,2,ABSOLUTE CHAMPION,E060,B Prebble,D J Hall,126,1195,2,-,0.56.50,9,NA,NA,NA,NA,NA,NA
2,1,SACRED KINGDOM,G268,G Mosse,P F Yiu,126,1191,4,SH,0.56.50,1.1,6,NA,NA,NA,NA,NA
3,5,ABLE PRINCE,CC34,D Beadman,J Moore,126,1111,8,1-3/4,0.56.80,17,1,NA,NA,NA,NA,NA
4,6,PLANET RULER,CB35,O Doleuze,A Lee,126,1158,6,2-1/4,0.56.90,33,5,NA,NA,NA,NA,NA
5,3,DOWN TOWN,G054,C Soumillon,C H Yip,126,1128,5,2-1/2,0.56.90,13,8,NA,NA,NA,NA,NA
6,8,NATURAL BLITZ,E227,M Nunes,D Cruz,126,1096,3,4-1/4,0.57.20,37,NA,NA,NA,NA,NA,NA
7,4,EGYPTIAN RA,E002,E Saint-Martin,D J Hall,126,1186,1,4-3/4,0.57.30,32,3,NA,NA,NA,NA,NA
8,7,REGENCY HORSE,E229,F Coetzee,D E Ferraris,126,1084,7,6-3/4,0.57.60,74,NA,NA,NA,NA,NA,NA
1,10,REAL SPECIAL,H320,F Coetzee,J Size,117,1039,11,-,1.48.50,3.3,2,NA,NA,NA,NA,NA
2,1,DANESIS,H194,B Prebble,A S Cruz,129,1283,6,1/2,1.48.60,3,5,NA,NA,NA,NA,NA
3,4,FLORAL NIRVANA,H232,K L Chui,A S Cruz,122,1137,5,2-1/4,1.48.90,7,7,NA,NA,NA,NA,NA
4,3,MASTERY,CC17,G Mosse,P F Yiu,128,1110,1,2-1/2,1.48.90,9.8,NA,NA,NA,NA,NA,NA
5,11,THE GOODIES,H097,H W Lai,C Fownes,113,1021,2,2-3/4,1.49.00,41,11,NA,NA,NA,NA,NA
6,2,HIGH INTELLIGENT,CD31,O Doleuze,A T Millard,129,1146,4,3-3/4,1.49.10,12,1,NA,NA,NA,NA,NA
7,9,NASA PEARL,CC06,K T Yeung,P O'Sullivan,111,1131,3,4-3/4,1.49.30,34,6,NA,NA,NA,NA,NA
8,7,FANTASTIC GUY,H025,G Boss,D Cruz,121,1106,7,6,1.49.50,7.9,9,NA,NA,NA,NA,NA
9,6,SIR LAGO,H268,C Soumillon,D E Ferraris,125,1127,8,6-3/4,1.49.60,32,10,NA,NA,NA,NA,NA
10,5,COURAGEOUSHEART,CD20,D Beadman,J Moore,125,1150,9,8-1/2,1.49.90,41,3,NA,NA,NA,NA,NA
11,8,KING HOGAN,E257,E Saint-Martin,K W Lui,120,1228,10,14-1/4,1.50.80,54,4,NA,NA,NA,NA,NA
1,11,SUPER TRAVELLER,H275,Z Purton,A Schutz,117,1208,6,-,1.21.60,12,6,NA,NA,NA,NA,NA
2,14,KINDACROSS,G041,P H Lo,A S Cruz,109,1044,12,1-1/4,1.21.70,28,1,NA,NA,NA,NA,NA
3,9,IMPERIAL APPLAUSE,G209,E Saint-Martin,P O'Sullivan,123,1057,5,1-3/4,1.21.90,5.3,9,NA,NA,NA,NA,NA
4,7,REGENCY DRAGON,H001,C Soumillon,D E Ferraris,124,1198,10,2-1/2,1.22.00,6.8,7,NA,NA,NA,NA,NA
5,2,SANZIRO,E208,G Boss,C Fownes,133,1159,7,3-1/4,1.22.10,18,13,NA,NA,NA,NA,NA
6,10,HE CAN TANGO,G288,O Doleuze,P O'Sullivan,119,1179,9,3-1/2,1.22.10,6.9,11,NA,NA,NA,NA,NA
7,12,WEI HAI INVINCIBLE,H258,M Nunes,A T Millard,114,1106,3,3-3/4,1.22.10,6.4,3,NA,NA,NA,NA,NA
8,1,HELENE BRILLIANT,H174,K L Chui,A S Cruz,128,1161,4,4-1/2,1.22.30,5.1,8,NA,NA,NA,NA,NA
9,8,WHATABOB,CD21,D Beadman,J Moore,124,1182,11,5,1.22.40,37,10,NA,NA,NA,NA,NA
10,5,HELENE PILLAGING,CC08,K T Yeung,S Woods,119,1207,2,5-1/2,1.22.40,99,NA,NA,NA,NA,NA,NA
11,3,FIFTY FIFTY,CD13,F Coetzee,C Fownes,129,1152,14,8,1.22.80,25,2,NA,NA,NA,NA,NA
12,4,SKYVIEW BAR,G024,G Mosse,A Lee,127,1193,8,8-1/4,1.22.90,9.5,4,NA,NA,NA,NA,NA
13,13,WIN AGAIN,CD37,H W Lai,J Moore,110,1227,13,13,1.23.60,66,14,NA,NA,NA,NA,NA
14,6,NILOMETER,CD05,W M Lai,C S Shum,124,1087,1,19-3/4,1.24.70,56,12,NA,NA,NA,NA,NA
1,1,GALEN WIN,J065,B Prebble,D J Hall,133,1084,9,-,1.22.30,5.3,2,NA,NA,NA,NA,NA
2,3,CONGRATULATION,H032,F Coetzee,J Size,127,1130,1,1/2,1.22.40,4.3,NA,NA,NA,NA,NA,NA
3,7,SUPER CHARGE,CC29,G Mosse,A Lee,121,1196,7,1-1/4,1.22.50,20,6,NA,NA,NA,NA,NA
4,10,SPARKLING STAR,CD05,H W Lai,Y S Tsui,114,1141,10,1-1/2,1.22.60,11,12,NA,NA,NA,NA,NA
5,2,BULLISH WIN,H197,C Soumillon,A S Cruz,131,1137,12,1-3/4,1.22.60,5.9,10,NA,NA,NA,NA,NA
6,12,SUPER GENKI,H195,K L Chui,A S Cruz,111,1159,3,2-3/4,1.22.80,3.4,9,NA,NA,NA,NA,NA
7,11,AMBITIOUS OWNER,J106,G Boss,C S Shum,117,1008,6,4,1.23.00,79,8,NA,NA,NA,NA,NA
8,5,SUPER SNIPPETS,G217,O Doleuze,P O'Sullivan,124,1111,13,4-1/4,1.23.00,9.9,13,NA,NA,NA,NA,NA
9,4,TOP TOP LIGHT,G182,Z Purton,C Fownes,127,1173,4,4-3/4,1.23.10,33,5,NA,NA,NA,NA,NA
10,8,EVERGREEN,E106,W M Lai,C H Yip,117,1207,11,6-1/2,1.23.30,99,11,NA,NA,NA,NA,NA
11,6,CONFUCIUS CLASSIC,J141,E Saint-Martin,S Woods,123,1045,5,10,1.23.90,99,4,NA,NA,NA,NA,NA
12,13,LADY FIRST,J067,P H Lo,T W Leung,109,1053,2,10-3/4,1.24.00,99,3,NA,NA,NA,NA,NA
13,9,KING OF TURF,J102,D Beadman,A Lee,120,1056,8,10-3/4,1.24.00,38,6,NA,NA,NA,NA,NA
1,1,FLORAL JOY II,J030,K L Chui,A S Cruz,128,1216,13,-,0.58.90,1.7,NA,NA,NA,NA,NA,NA
2,4,CHEEKY LAD,G198,O Doleuze,D J Hall,126,1122,11,1-1/4,0.59.10,17,11,NA,NA,NA,NA,NA
3,9,LUCKY RED,J059,F Coetzee,T K Ng,125,1109,6,1-1/2,0.59.10,18,1,NA,NA,NA,NA,NA
4,6,GLENEALY ELITE,J034,G Boss,C H Yip,125,1040,12,2-1/4,0.59.30,26,13,NA,NA,NA,NA,NA
5,3,OWNERS LAD,G273,C Soumillon,C S Shum,129,1216,8,2-3/4,0.59.30,18,6,NA,NA,NA,NA,NA
6,8,HAPPEE GIFT,H313,B Prebble,P O'Sullivan,125,1100,14,3-3/4,0.59.50,8.6,9,NA,NA,NA,NA,NA
7,12,CLASSIC HORSE,CD37,H W Lai,T W Leung,113,1096,4,6,0.59.90,19,5,NA,NA,NA,NA,NA
8,11,NEWSWIRE TOO,J040,G Mosse,A Lee,125,1059,10,8-1/2,1.00.30,80,3,NA,NA,NA,NA,NA
9,10,MR WUNDERBAR,J068,Z Purton,K W Lui,125,1095,5,12-1/4,1.00.90,99,NA,NA,NA,NA,NA,NA
10,14,GENERAL KINGY,CB03,S K Sit,Y S Tsui,113,1222,3,12-3/4,1.01.00,54,4,NA,NA,NA,NA,NA
11,13,MAGIC KING,H182,C W Wong,A Schutz,111,1030,1,13-3/4,1.01.10,19,14,NA,NA,NA,NA,NA
12,5,ALIVE AND KICKING,J071,D Beadman,J Moore,125,1033,7,17-1/4,1.01.70,50,7,NA,NA,NA,NA,NA
13,2,BLUE SAINT,J080,P H Lo,L Ho,123,1053,2,18,1.01.80,95,10,NA,NA,NA,NA,NA
14,7,GLORIOUS FEELING,J129,E Saint-Martin,D E Ferraris,125,1182,9,25,1.02.90,6.6,NA,NA,NA,NA,NA,NA
1,10,FISHKING EXCELLENT,G232,G Boss,P F Yiu,123,1061,7,-,1.51.90,10,2,NA,NA,NA,NA,NA
2,2,LAZY BUDDIES,CC20,B Prebble,A Lee,133,1163,8,1/2,1.51.90,8.1,7,NA,NA,NA,NA,NA
3,9,CAPTAIN BUNNY,CD36,C Soumillon,Y O Wong,124,1022,11,1-3/4,1.52.10,5.8,NA,NA,NA,NA,NA,NA
4,3,PACIFIC ALLIANCE,CC23,S K Sit,S Woods,129,1136,13,2-1/4,1.52.20,23,8,NA,NA,NA,NA,NA
5,4,TALE OF FRIENDSHIP,H184,G Mosse,Y S Tsui,131,1086,14,4,1.52.50,15,11,NA,NA,NA,NA,NA
6,6,AS YOU WISH,E290,A Delpech,B K Ng,128,1069,12,5,1.52.70,11,12,NA,NA,NA,NA,NA
7,8,RED FORTUNE,E192,K L Chui,A Schutz,120,1013,5,5-1/4,1.52.70,7.7,NA,NA,NA,NA,NA,NA
8,1,KEEP SMILING,H200,D Beadman,J Moore,133,1176,4,7-1/4,1.53.00,35,NA,NA,NA,NA,NA,NA
9,12,SINOSPIEL,G003,O Doleuze,D E Ferraris,121,1014,6,9-3/4,1.53.40,11,3,NA,NA,NA,NA,NA
10,11,VITALITY CHAMP,CD30,Z Purton,T K Ng,122,1161,3,10-1/4,1.53.50,13,4,NA,NA,NA,NA,NA
11,14,DANZIGMOUNTAIN,G139,Y T Cheng,C S Shum,115,1023,2,10-3/4,1.53.60,31,10,NA,NA,NA,NA,NA
12,13,FLYING PROFILE,CD16,E Saint-Martin,D Cruz,120,1086,9,10-3/4,1.53.60,7.8,NA,NA,NA,NA,NA,NA
13,7,SUPER POWER,H117,F Coetzee,C W Chang,127,1098,1,11-1/4,1.53.60,7.2,6,NA,NA,NA,NA,NA
14,5,SUN AWESOME,G082,K T Yeung,T W Leung,122,1064,10,ML,---,99,NA,NA,NA,NA,NA,NA
1,11,MAGIC TOUCH,CB39,H W Lai,L Ho,112,1138,3,-,1.52.00,17,7,NA,NA,NA,NA,NA
2,6,PRIME TARGET,H242,G Boss,C Fownes,119,1029,8,N,1.52.00,7,5,NA,NA,NA,NA,NA
3,1,BOLD WIN,E282,B Prebble,D J Hall,133,1091,4,3/4,1.52.10,9.6,NA,NA,NA,NA,NA,NA
4,8,KING HESPERUS,E151,Z Purton,D E Ferraris,118,1142,2,1-1/4,1.52.20,10,NA,NA,NA,NA,NA,NA
5,9,SEA TREASURE,CD33,D Beadman,J Moore,118,1132,6,3-1/4,1.52.50,2.9,9,NA,NA,NA,NA,NA
6,3,WADADELIGHT,CC34,O Doleuze,T K Ng,127,1053,9,5,1.52.80,9.4,8,NA,NA,NA,NA,NA
7,5,LONDON EXPRESS,H107,K L Chui,A Schutz,119,1107,10,6-3/4,1.53.10,98,11,NA,NA,NA,NA,NA
8,4,INDUSTRIAL EXPRESS,H103,F Coetzee,J Size,124,1113,11,6-3/4,1.53.10,8,3,NA,NA,NA,NA,NA
9,7,EVERGREEN,E106,Y T Cheng,C H Yip,116,1202,1,7,1.53.10,61,9,NA,NA,NA,NA,NA
10,10,LIGHTNING SPEED,G263,A Delpech,P O'Sullivan,115,1047,7,7,1.53.10,7.1,6,NA,NA,NA,NA,NA
11,2,INDUSTRIAL MARVEL,G188,C W Wong,C H Yip,128,1058,5,10-1/4,1.53.60,12,1,NA,NA,NA,NA,NA
1,9,GREAT HERO,H016,B Prebble,K L Man,121,1120,4,-,1.40.70,3.6,2,NA,NA,NA,NA,NA
2,8,CHATER DE LAGO,G246,Z Purton,D E Ferraris,121,1195,6,5-1/2,1.41.50,42,7,NA,NA,NA,NA,NA
3,13,NIGHT HUNTER III,H102,H W Lai,T W Leung,112,1196,11,6-1/4,1.41.70,31,11,NA,NA,NA,NA,NA
4,11,MEGA BULLET,H192,G Boss,C Fownes,118,1075,12,7-1/2,1.41.90,15,13,NA,NA,NA,NA,NA
5,1,SOUNDS FANTASTIC,H146,Y T Cheng,A T Millard,130,1052,14,9,1.42.10,12,14,NA,NA,NA,NA,NA
6,12,GOLD GEM,G197,E Wilson,J Moore,115,1044,3,9-1/4,1.42.10,7.2,NA,NA,NA,NA,NA,NA
7,3,JOY TRUMPS,CD24,C Soumillon,Y O Wong,129,1101,8,9-1/4,1.42.10,10,10,NA,NA,NA,NA,NA
8,14,LUCKY WORLD,J053,C W Wong,C H Yip,109,1152,5,12-1/4,1.42.60,57,NA,NA,NA,NA,NA,NA
9,7,ACTIVE VALOUR,G045,M W Leung,B K Ng,116,1055,2,12-1/4,1.42.60,12,3,NA,NA,NA,NA,NA
10,6,EASY GAME,CC34,A Delpech,P O'Sullivan,125,1102,1,12-3/4,1.42.70,40,9,NA,NA,NA,NA,NA
11,2,JOYFUL YEARS,G143,G Mosse,L Ho,131,1166,9,16-1/4,1.43.30,4.5,6,NA,NA,NA,NA,NA
12,4,CLASSIC KING,CD25,O Doleuze,T K Ng,128,1134,10,17-1/4,1.43.40,19,11,NA,NA,NA,NA,NA
13,10,FREEBIRD,CC31,E Saint-Martin,D Cruz,120,1101,7,30-1/4,1.45.50,20,4,NA,NA,NA,NA,NA
14,5,BLISS STAR,E311,K L Chui,D J Hall,122,1233,13,ML,---,17,8,NA,NA,NA,NA,NA
1,1,SILVER WRAITH,E178,H W Lai,Y S Tsui,127,1013,14,-,1.25.10,16,NA,NA,NA,NA,NA,NA
2,12,SIMPLY THE BEST,E014,P H Lo,D Cruz,111,1125,1,1-1/2,1.25.30,43,4,NA,NA,NA,NA,NA
3,6,RAMPANT LION,H068,D Beadman,C Fownes,124,1016,5,2-1/4,1.25.40,5.7,NA,NA,NA,NA,NA,NA
4,7,SUPER,CD03,A Delpech,C W Chang,123,1118,7,2-1/2,1.25.40,6.8,13,NA,NA,NA,NA,NA
5,10,LIGHTNING MOUNT,H082,K L Chui,A S Cruz,115,1085,3,3-1/4,1.25.60,7.6,7,NA,NA,NA,NA,NA
6,11,MULTI-WIN SPIRIT,G137,F Coetzee,K W Lui,119,1232,2,3-3/4,1.25.60,4,5,NA,NA,NA,NA,NA
7,4,WATCHMAN,CB32,Z Purton,B K Ng,129,1109,12,4-3/4,1.25.80,47,NA,NA,NA,NA,NA,NA
8,8,FRAMES DEPOT,G118,O Doleuze,T K Ng,121,1079,13,5,1.25.80,12,3,NA,NA,NA,NA,NA
9,9,RISING WIN,CC08,M W Leung,T W Leung,116,1101,4,5-1/4,1.25.90,16,12,NA,NA,NA,NA,NA
10,14,DOUBLE FANTASY,G141,S K Sit,D E Ferraris,111,1098,6,5-1/2,1.25.90,17,5,NA,NA,NA,NA,NA
11,2,DIAGHILEV,H241,C Soumillon,A Schutz,129,1086,9,8-1/2,1.26.40,22,10,NA,NA,NA,NA,NA
12,13,UNIVERSAL PIONEER,CB29,E Wilson,C S Shum,114,1166,8,8-3/4,1.26.40,18,11,NA,NA,NA,NA,NA
13,5,NAMJONG SKY,H129,E Saint-Martin,D J Hall,128,1167,10,9-1/4,1.26.50,10,2,NA,NA,NA,NA,NA
14,3,EXCELLENT PLASTIC,H263,C W Wong,C H Yip,124,1038,11,ML,---,77,8,NA,NA,NA,NA,NA
1,2,ISTIDE,J089,E Saint-Martin,C S Shum,124,950,12,-,1.24.50,3.4,2,NA,NA,NA,NA,NA
2,1,BRILLIANT TREASURE,H045,F Coetzee,J Size,124,1209,7,1-1/2,1.24.70,14,6,NA,NA,NA,NA,NA
3,14,FANTASTIC TIME,H220,K L Chui,B K Ng,111,1035,5,2,1.24.80,14,4,NA,NA,NA,NA,NA
4,7,A MIRROR,H011,P H Lo,D Cruz,114,1122,9,2-1/4,1.24.80,14,NA,NA,NA,NA,NA,NA
5,6,ZEPHYRUS,H285,C Soumillon,A T Millard,122,1084,13,3-1/4,1.25.00,6.6,9,NA,NA,NA,NA,NA
6,13,SUNNY GOLF,H138,D Beadman,J Moore,118,1097,4,3-1/2,1.25.10,4.2,5,NA,NA,NA,NA,NA
7,11,REAL PLEASURE,J021,G Mosse,A Lee,120,1196,6,3-3/4,1.25.10,8.2,8,NA,NA,NA,NA,NA
8,9,LITTLE BIG BOY,J012,Z Purton,D E Ferraris,120,1120,8,6-3/4,1.25.60,82,10,NA,NA,NA,NA,NA
9,12,TREMENDOUS PLUS,G275,S K Sit,C W Chang,118,1135,10,8-1/2,1.25.80,39,12,NA,NA,NA,NA,NA
10,4,MAJESTIC HEART,H319,H W Lai,K L Man,119,1033,3,10-3/4,1.26.20,81,12,NA,NA,NA,NA,NA
11,8,PEARL OF INDIA,CD29,O Doleuze,A Schutz,121,1271,1,11-1/4,1.26.30,14,NA,NA,NA,NA,NA,NA
12,10,OPERA MAGIC,CB40,C W Wong,C H Yip,115,1195,11,12,1.26.40,22,NA,NA,NA,NA,NA,NA
13,3,FIRST KNIGHT,CB35,M W Leung,S Woods,117,1227,2,19-1/4,1.27.60,22,7,NA,NA,NA,NA,NA
WV,5,WINNING PAL,J138,K L Chui,A S Cruz,117,1128,---,---,---,---,NA,NA,NA,NA,NA,NA
1,2,BULLISH LUCK,CC15,C Soumillon,A S Cruz,123,1249,8,-,1.48.90,9.2,8,NA,NA,NA,NA,NA
2,3,VITAL KING,G222,B Prebble,P O'Sullivan,123,1134,4,3,1.49.40,10,7,NA,NA,NA,NA,NA
3,5,VIVA MACAU,H110,D Beadman,J Moore,119,1174,1,4-1/4,1.49.60,2.8,5,NA,NA,NA,NA,NA
4,6,PACKING WINNER,E334,F Coetzee,L Ho,116,1098,9,4-1/2,1.49.60,2.7,6,NA,NA,NA,NA,NA
5,4,SIR ERNESTO,G051,O Doleuze,D Cruz,121,1182,7,8,1.50.20,30,NA,NA,NA,NA,NA,NA
6,7,SYLLABUS,CD38,E Wilson,D E Ferraris,113,1151,2,9,1.50.40,13,3,NA,NA,NA,NA,NA
7,9,TOP HONOR,E183,H W Lai,A Lee,110,1029,3,12-3/4,1.51.00,25,2,NA,NA,NA,NA,NA
8,8,FAMOUS DANCER,CD35,C W Wong,J Moore,108,1091,5,13,1.51.00,67,9,NA,NA,NA,NA,NA
PU,1,VENGEANCE OF RAIN,CD14,A Delpech,D E Ferraris,133,1213,6,-,---,7.7,NA,NA,NA,NA,NA,NA
1,1,PICKETT,G155,P H Lo,C W Chang,122,1040,2,-,1.10.50,4.7,2,NA,NA,NA,NA,NA
2,8,SIAMERIC TE SPECSO,E171,B Prebble,D J Hall,121,1136,8,HD,1.10.60,4.9,NA,NA,NA,NA,NA,NA
3,4,TAIJI SPIRIT,CD18,G Mosse,A T Millard,126,1170,4,3/4,1.10.70,7.8,9,NA,NA,NA,NA,NA
4,10,MAGIC TEMPLE,CC36,A Delpech,S Woods,119,1210,1,2-1/4,1.10.90,20,10,NA,NA,NA,NA,NA
5,9,TREASURABLE,H017,K L Chui,P O'Sullivan,116,1015,3,2-1/4,1.10.90,7.3,6,NA,NA,NA,NA,NA
6,11,DEMINER,G184,F Coetzee,J Size,113,1155,11,2-1/4,1.10.90,7.4,3,NA,NA,NA,NA,NA
7,2,SUPER PEGASUS,H141,C Soumillon,D E Ferraris,128,1106,6,3-3/4,1.11.10,6.4,4,NA,NA,NA,NA,NA
8,3,JOLLY GOOD FORTUNE,CD27,Z Purton,K W Lui,127,1206,7,4,1.11.20,12,1,NA,NA,NA,NA,NA
9,7,WIN A DOZEN,H262,O Doleuze,K L Man,122,1120,10,5-1/4,1.11.30,9.9,7,NA,NA,NA,NA,NA
10,6,MASTER CRISTO,H321,H W Lai,T K Ng,120,-,9,5-1/4,1.11.40,99,8,NA,NA,NA,NA,NA
11,5,ENCOSTA DON,H305,S K Sit,D J Hall,122,1101,5,16,1.13.10,99,11,NA,NA,NA,NA,NA
1,9,JACKPOT DELIGHT,J101,C Soumillon,C Fownes,124,1187,9,-,1.37.60,3.4,2,NA,NA,NA,NA,NA
2,4,ALBERTINELLI,H111,A Delpech,K W Lui,127,1213,3,N,1.37.70,9.6,NA,NA,NA,NA,NA,NA
3,10,LOTZATOW,CD39,G Boss,P F Yiu,122,1093,10,N,1.37.70,8.6,7,NA,NA,NA,NA,NA
4,8,CARRIZO CREEK,E132,D Beadman,J Moore,124,1086,11,1/2,1.37.70,9.8,10,NA,NA,NA,NA,NA
5,5,DORDENMA,E333,E Wilson,C H Yip,127,1235,8,1,1.37.80,41,11,NA,NA,NA,NA,NA
6,6,TOM'S SIX,G264,G Mosse,C Fownes,126,1087,4,2-3/4,1.38.00,8.2,6,NA,NA,NA,NA,NA
7,12,ALL CHANCES,E241,F Coetzee,J Size,119,1123,6,3-3/4,1.38.20,5.5,NA,NA,NA,NA,NA,NA
8,3,RICE FIELD,E134,C W Wong,J Moore,123,1096,5,3-3/4,1.38.20,11,7,NA,NA,NA,NA,NA
9,1,EYSHAL,J099,E Saint-Martin,J Moore,129,1168,2,5,1.38.40,22,5,NA,NA,NA,NA,NA
10,2,JADE DRAGONFLY,E331,O Doleuze,P O'Sullivan,128,1188,7,5-1/2,1.38.50,8,9,NA,NA,NA,NA,NA
11,7,IRON FIST,H143,Z Purton,A T Millard,125,1266,1,6-3/4,1.38.70,75,3,NA,NA,NA,NA,NA
WV,11,SINGING DINERS,H063,B Prebble,C S Shum,120,1178,---,---,---,---,NA,NA,NA,NA,NA,NA
1,8,HORSE WIN WIN,J078,A Delpech,Y S Tsui,119,1121,3,-,1.24.00,5,12,NA,NA,NA,NA,NA
2,12,BODACIOUS,CD17,M W Leung,D J Hall,111,1063,4,HD,1.24.00,15,NA,NA,NA,NA,NA,NA
3,13,GOOD PARTNER,E221,H W Lai,K L Man,113,1135,10,5-3/4,1.24.90,10,4,NA,NA,NA,NA,NA
4,1,MARIBEAU,H213,F Coetzee,J Size,133,1132,1,6-1/2,1.25.00,8.6,5,NA,NA,NA,NA,NA
5,7,GOAL KEEPER,H277,B Prebble,P O'Sullivan,121,1194,6,6-1/2,1.25.00,12,NA,NA,NA,NA,NA,NA
6,3,FAT CHOY FOREVER,CD11,C W Wong,C H Yip,123,1234,8,6-3/4,1.25.10,53,2,NA,NA,NA,NA,NA
7,4,HERE WE GO,H247,K L Chui,A S Cruz,123,1186,11,7-1/4,1.25.10,41,9,NA,NA,NA,NA,NA
8,6,CIRCUIT HERO,G304,G Mosse,A Lee,123,1077,2,7-1/4,1.25.20,4,8,NA,NA,NA,NA,NA
9,9,LIFELINE RAPIDE,CD20,O Doleuze,A T Millard,120,1147,13,7-1/4,1.25.20,7.6,NA,NA,NA,NA,NA,NA
10,2,FORTUNE WARRIOR,CD09,D Beadman,T W Leung,131,1081,5,8,1.25.30,47,11,NA,NA,NA,NA,NA
11,11,BE MY SONG,H272,S K Sit,P F Yiu,116,1190,12,10,1.25.60,7.7,1,NA,NA,NA,NA,NA
12,14,GO BRITANNIA,J084,E Wilson,J Moore,115,1044,14,10,1.25.60,38,NA,NA,NA,NA,NA,NA
13,5,HAPPY GO LUCKY,H127,C Soumillon,C Fownes,124,1139,9,10-3/4,1.25.70,19,13,NA,NA,NA,NA,NA
WV-A,10,SUPER BABY,H227,E Saint-Martin,D Cruz,119,1083,---,---,---,---,NA,NA,NA,NA,NA,NA
1,12,WAVY PEAK,CD08,G Boss,P F Yiu,122,1112,3,-,1.36.60,3.6,NA,NA,NA,NA,NA,NA
2,8,FILEBO,E214,H W Lai,T W Leung,122,986,12,1-1/2,1.36.80,8.7,NA,NA,NA,NA,NA,NA
3,10,FAST WINNER,G140,C Soumillon,A Schutz,123,1062,8,1-3/4,1.36.90,18,8,NA,NA,NA,NA,NA
4,7,TELECOM TYCOON,CC03,Y T Cheng,D Cruz,125,1144,5,2,1.36.90,18,NA,NA,NA,NA,NA,NA
5,13,GLOBAL WAY,G158,O Doleuze,D E Ferraris,120,1021,4,2,1.36.90,12,6,NA,NA,NA,NA,NA
6,9,SHOW BRAVELY,CB38,C W Wong,Y S Tsui,119,1125,14,3-1/4,1.37.10,26,NA,NA,NA,NA,NA,NA
7,2,KING OF SPADES,CC05,F Coetzee,T K Ng,133,1059,1,3-1/2,1.37.10,9.8,NA,NA,NA,NA,NA,NA
8,3,SPICY HOT,H064,C K Tong,C Fownes,127,1061,2,6-1/4,1.37.60,24,NA,NA,NA,NA,NA,NA
9,14,CHALLENGER,E138,E Wilson,A Lee,113,1017,10,6-1/2,1.37.60,29,14,NA,NA,NA,NA,NA
10,4,MR FLOODLIGHT,G257,D Whyte,C S Shum,131,1095,6,7-1/2,1.37.80,3.4,3,NA,NA,NA,NA,NA
11,1,FIGS,E141,G Mosse,A Lee,133,1240,7,9-3/4,1.38.10,13,NA,NA,NA,NA,NA,NA
12,11,PLENTY OF TALENT,E329,Z Purton,K W Lui,123,1137,9,10-1/4,1.38.20,63,NA,NA,NA,NA,NA,NA
13,6,CHARMING MONKEYS,H148,M W Leung,B K Ng,123,1235,11,14,1.38.80,76,13,NA,NA,NA,NA,NA
14,5,TABBRIS,CB08,K T Yeung,A Lee,122,1202,13,15-3/4,1.39.10,37,1,NA,NA,NA,NA,NA
1,1,JAMESINA,H290,C Soumillon,D E Ferraris,131,1086,12,-,1.48.80,3.2,3,NA,NA,NA,NA,NA
2,12,JADE CHINA,G113,M W Leung,T W Leung,110,1136,4,N,1.48.90,48,NA,NA,NA,NA,NA,NA
3,8,SOMETHING SPECIAL,J014,K T Yeung,A T Millard,113,1071,11,1/2,1.48.90,57,11,NA,NA,NA,NA,NA
4,4,SPIRIT OF LO PAN,H140,D Whyte,Y S Tsui,125,1134,5,2-1/2,1.49.20,4.6,4,NA,NA,NA,NA,NA
5,6,ROCKET AND GOLD,H015,B Prebble,C H Yip,122,1064,3,4-1/4,1.49.50,5.1,9,NA,NA,NA,NA,NA
6,13,CHINSOLA,CD32,H W Lai,L Ho,110,995,13,4-1/4,1.49.50,17,2,NA,NA,NA,NA,NA
7,9,ACCELERATOR,G179,Y T Cheng,S Woods,117,943,1,4-1/2,1.49.50,8.6,8,NA,NA,NA,NA,NA
8,3,VINCERE,E324,D Beadman,J Moore,127,1150,7,5,1.49.60,17,5,NA,NA,NA,NA,NA
9,2,RED WINE HONEY,E287,S K Sit,C S Shum,127,1221,8,5,1.49.60,20,NA,NA,NA,NA,NA,NA
10,5,TRIUMPH,CC21,C W Wong,C H Yip,118,1070,10,6-1/4,1.49.80,59,NA,NA,NA,NA,NA,NA
11,10,SAMMY'S FORTUNE,H204,G Boss,A Schutz,118,1106,9,10-3/4,1.50.50,18,9,NA,NA,NA,NA,NA
12,11,KINGSTON TEMPLE,H234,O Doleuze,T K Ng,119,1093,6,12-1/2,1.50.80,11,7,NA,NA,NA,NA,NA
13,7,SUPER IDEAL,CC22,Z Purton,A Schutz,121,1093,2,20,1.52.00,52,6,NA,NA,NA,NA,NA
1,8,SIGHT WINNER,J049,D Whyte,J Size,123,1100,7,-,1.36.00,1.6,7,NA,NA,NA,NA,NA
2,2,MELLIFLUOUS,H212,O Doleuze,K L Man,132,1090,11,HD,1.36.00,30,8,NA,NA,NA,NA,NA
3,6,HANDSOME TARGET,H269,B Prebble,D J Hall,124,1069,1,1-3/4,1.36.20,6.1,5,NA,NA,NA,NA,NA
4,5,KING ACRYLIC,G295,C K Tong,P F Yiu,120,1077,9,2-1/4,1.36.30,25,1,NA,NA,NA,NA,NA
5,11,NASA PEARL,CC06,E Wilson,P O'Sullivan,115,1143,4,2-1/4,1.36.30,81,9,NA,NA,NA,NA,NA
6,3,HIGH INTELLIGENT,CD31,D Beadman,A T Millard,128,1130,5,2-3/4,1.36.40,14,3,NA,NA,NA,NA,NA
7,4,TRIUMPHANT DIAMOND,G227,C Soumillon,C S Shum,126,1097,6,3-1/4,1.36.50,8.9,10,NA,NA,NA,NA,NA
8,13,WAIT FOR ME,E332,C W Wong,C H Yip,109,1107,8,3-1/4,1.36.50,25,12,NA,NA,NA,NA,NA
9,7,MAINLAND SHUTTLE,G315,G Mosse,A Lee,124,1113,2,3-1/2,1.36.50,12,6,NA,NA,NA,NA,NA
10,1,CALIFORNIA BISHOP,CD35,K L Chui,A S Cruz,128,1146,10,5-3/4,1.36.90,78,2,NA,NA,NA,NA,NA
11,12,THE GOODIES,H097,F Coetzee,C Fownes,115,1023,12,6,1.36.90,29,13,NA,NA,NA,NA,NA
12,10,KING OF TURF,J102,Z Purton,A Lee,118,1043,13,8-1/4,1.37.30,99,11,NA,NA,NA,NA,NA
13,9,WARM EMBRACES,J162,M W Leung,T K Ng,115,983,3,9-1/4,1.37.40,76,4,NA,NA,NA,NA,NA
1,8,ULTRA FANTASY,G311,D Whyte,D E Ferraris,120,1223,11,-,1.09.80,10,2,NA,NA,NA,NA,NA
2,4,COUNTRY MUSIC,CD03,C Soumillon,A S Cruz,128,1255,2,1/2,1.09.90,5.5,NA,NA,NA,NA,NA,NA
3,2,KING ENCOSTA,G247,K L Chui,A S Cruz,126,1220,7,3/4,1.09.90,8.3,3,NA,NA,NA,NA,NA
4,10,MAVERICK STAR,E279,B Prebble,C H Yip,117,1166,3,1-1/4,1.10.00,4.8,NA,NA,NA,NA,NA,NA
5,6,TIGER PRAWN,G279,G Mosse,A T Millard,128,1174,1,1-3/4,1.10.00,3.5,7,NA,NA,NA,NA,NA
6,1,SANZIRO,E208,G Boss,C Fownes,133,1151,9,2-1/2,1.10.20,12,11,NA,NA,NA,NA,NA
7,5,LIBERAL'S KNIGHT,E272,F Coetzee,J Size,128,1148,5,3-1/4,1.10.30,54,5,NA,NA,NA,NA,NA
8,11,ELEGANT WIN,G297,Y T Cheng,P O'Sullivan,114,1167,12,3-1/2,1.10.30,6.7,10,NA,NA,NA,NA,NA
9,13,WHATAFANTASY,H267,E Wilson,D E Ferraris,113,1242,8,3-3/4,1.10.40,77,12,NA,NA,NA,NA,NA
10,12,CHEERFUL MASTER,E309,H W Lai,A Lee,110,1149,4,4,1.10.40,61,9,NA,NA,NA,NA,NA
11,3,FIFTY FIFTY,CD13,Z Purton,C Fownes,129,1157,10,7,1.10.90,28,1,NA,NA,NA,NA,NA
12,9,DOWN THE WICKET,H059,O Doleuze,A Lee,120,1116,6,14-3/4,1.12.10,73,4,NA,NA,NA,NA,NA
WV,7,INSPIRATION,G111,D Beadman,J Moore,127,1188,---,---,---,---,NA,NA,NA,NA,NA,NA
1,8,KENOBE,H222,O Doleuze,A Schutz,122,1060,9,-,1.36.30,5.8,10,NA,NA,NA,NA,NA
2,12,EXPEDITIOUS,E136,F Coetzee,B K Ng,117,1105,5,1/2,1.36.40,23,4,NA,NA,NA,NA,NA
3,14,COME HO CHOI,E082,E Wilson,T W Leung,114,1110,11,1-3/4,1.36.60,33,14,NA,NA,NA,NA,NA
4,6,TRIUMPHANT ECHO,J006,D Whyte,P O'Sullivan,123,1169,6,1-3/4,1.36.60,17,11,NA,NA,NA,NA,NA
5,4,EVER KING,E147,K T Yeung,J Moore,120,1021,13,2-3/4,1.36.70,58,NA,NA,NA,NA,NA,NA
6,13,MEGA BULLET,H192,G Boss,C Fownes,117,1067,7,3-1/2,1.36.90,13,5,NA,NA,NA,NA,NA
7,3,CHAMPION PIONEER,G305,G Mosse,A Lee,129,1068,2,3-3/4,1.36.90,7.6,9,NA,NA,NA,NA,NA
8,10,CRUSH ON YOU,H065,B Prebble,D J Hall,120,1124,8,4,1.37.00,3.7,8,NA,NA,NA,NA,NA
9,5,EMBRACES,H175,M W Leung,T K Ng,121,1017,3,4-1/4,1.37.00,22,7,NA,NA,NA,NA,NA
10,2,SOLAR,CC19,Z Purton,P F Yiu,132,1056,10,4-1/2,1.37.00,48,13,NA,NA,NA,NA,NA
11,1,MISSION,H073,C Soumillon,C H Yip,133,995,14,4-1/2,1.37.00,5.2,12,NA,NA,NA,NA,NA
12,9,SOUND OF SILENCE,CD13,K L Chui,K L Man,116,1093,4,5-1/4,1.37.20,17,2,NA,NA,NA,NA,NA
13,7,CLOVIS,H044,Y T Cheng,Y O Wong,120,1024,1,11,1.38.10,9.1,6,NA,NA,NA,NA,NA
14,11,TELECOM SIR,H217,S K Sit,S Woods,117,1147,12,ML,---,99,NA,NA,NA,NA,NA,NA
1,8,ISLAND SUNRISE,E276,K L Chui,A S Cruz,119,1098,1,-,1.23.10,2.1,NA,NA,NA,NA,NA,NA
2,10,BOUNCER,J074,C Soumillon,C Fownes,122,1152,6,SH,1.23.10,5,10,NA,NA,NA,NA,NA
3,6,BUCCANEER,H214,Z Purton,A Schutz,125,1038,10,2,1.23.40,9.7,13,NA,NA,NA,NA,NA
4,12,AMAZING VENTURE,J039,F Coetzee,D E Ferraris,119,1027,2,2-3/4,1.23.60,17,6,NA,NA,NA,NA,NA
5,4,BEAUTIFUL CHOICE,H130,O Doleuze,Y S Tsui,127,1121,14,3,1.23.60,11,2,NA,NA,NA,NA,NA
6,1,JOLLY WONGCHOY,H076,Y T Cheng,Y O Wong,127,1134,7,3-1/2,1.23.70,10,12,NA,NA,NA,NA,NA
7,7,KING OF FISH,CB10,D Beadman,K L Man,125,1146,5,4-1/2,1.23.80,23,9,NA,NA,NA,NA,NA
8,3,SAVUTE,E326,H W Lai,L Ho,126,1111,3,5-3/4,1.24.00,60,1,NA,NA,NA,NA,NA
9,5,GALLANT WIN,H028,G Boss,P O'Sullivan,127,1136,12,6,1.24.10,12,NA,NA,NA,NA,NA,NA
10,14,PROGRESSING TIMES,CC23,S K Sit,T W Leung,112,1075,8,7-3/4,1.24.30,66,7,NA,NA,NA,NA,NA
11,9,PERFECT MATCH,J072,K T Yeung,J Size,116,1072,13,8,1.24.40,99,4,NA,NA,NA,NA,NA
12,11,WIN MORE,H243,E Wilson,C W Chang,121,1107,11,8-1/2,1.24.50,69,11,NA,NA,NA,NA,NA
13,2,RELY ON ME,E068,M W Leung,D Cruz,124,1231,4,9-1/2,1.24.60,28,3,NA,NA,NA,NA,NA
14,13,CITY SURFER,G129,C W Wong,C H Yip,109,1028,9,16,1.25.60,99,8,NA,NA,NA,NA,NA
1,6,MANY GAINS,J051,D Whyte,K L Man,128,1104,11,-,1.10.50,3.6,2,NA,NA,NA,NA,NA
2,1,KUNG FU,E289,O Doleuze,D Cruz,131,1141,13,1-3/4,1.10.80,23,1,NA,NA,NA,NA,NA
3,3,RICH DRAGON,G079,C Soumillon,C Fownes,130,1115,3,2,1.10.80,10,8,NA,NA,NA,NA,NA
4,5,TERRIFIC BRETHREN,H298,K L Chui,A S Cruz,124,1171,5,2-1/4,1.10.90,3.5,3,NA,NA,NA,NA,NA
5,8,BROTHERS IN ARMS,J070,G Boss,A Lee,125,1132,2,2-1/2,1.10.90,31,5,NA,NA,NA,NA,NA
6,2,RED RULER,H198,D Beadman,D J Hall,130,1070,14,2-3/4,1.11.00,14,14,NA,NA,NA,NA,NA
7,7,THE ONLY KID,H173,H W Lai,K W Lui,123,1112,1,4-3/4,1.11.30,14,11,NA,NA,NA,NA,NA
8,12,OPTIC KING,E139,K T Yeung,B K Ng,111,1111,9,4-3/4,1.11.30,41,4,NA,NA,NA,NA,NA
9,11,SUNNY SMILES,J073,S K Sit,P F Yiu,123,1059,4,5-1/4,1.11.30,79,7,NA,NA,NA,NA,NA
10,10,ELEPHANT STAR,H323,M W Leung,T K Ng,120,1040,8,6-1/2,1.11.60,99,10,NA,NA,NA,NA,NA
11,9,CHINA LUJIA,J088,B Prebble,P O'Sullivan,125,1101,12,8,1.11.80,4.1,9,NA,NA,NA,NA,NA
12,13,FASTER FASTER,G010,F Coetzee,D E Ferraris,116,1253,7,8-1/4,1.11.80,28,12,NA,NA,NA,NA,NA
13,14,MAINLAND MASTER,G044,E Wilson,A Schutz,115,993,6,9-3/4,1.12.10,99,NA,NA,NA,NA,NA,NA
14,4,BROWN BEAR,H125,Y T Cheng,Y S Tsui,127,1109,10,10-3/4,1.12.30,64,NA,NA,NA,NA,NA,NA
1,11,FULL OF JOY,G293,H W Lai,A Lee,110,1090,12,-,1.21.90,23,2,NA,NA,NA,NA,NA
2,1,JOYFUL WINNER,E045,C Soumillon,J Moore,133,1102,1,N,1.22.00,15,6,NA,NA,NA,NA,NA
3,8,SILVER SUN,E126,C W Wong,C H Yip,108,1149,5,1/2,1.22.00,18,5,NA,NA,NA,NA,NA
4,4,ROYAL PRINCE,H072,B Prebble,A S Cruz,126,1215,9,1-1/2,1.22.10,5.6,NA,NA,NA,NA,NA,NA
5,7,SURVEY SURVEY,H070,K L Chui,A S Cruz,113,1077,3,1-3/4,1.22.20,7.6,8,NA,NA,NA,NA,NA
6,10,SUPER TRAVELLER,H275,E Wilson,A Schutz,113,1210,2,1-3/4,1.22.20,5.2,4,NA,NA,NA,NA,NA
7,5,DANACOURT,E228,D Whyte,J Moore,124,1013,4,2,1.22.20,10,7,NA,NA,NA,NA,NA
8,3,RIVER JORDAN,G194,D Beadman,J Moore,127,1110,6,2-1/2,1.22.30,3.6,10,NA,NA,NA,NA,NA
9,12,TCHAIKOVSKY,E030,Y T Cheng,D J Hall,113,1163,7,2-1/2,1.22.30,12,1,NA,NA,NA,NA,NA
10,9,FIRM OFFER,E008,S K Sit,D E Ferraris,111,1057,11,3-3/4,1.22.50,17,9,NA,NA,NA,NA,NA
11,2,GREEN TREASURE,CD22,C K Tong,C Fownes,126,1160,8,5,1.22.70,85,12,NA,NA,NA,NA,NA
12,6,REGENCY HORSE,E229,O Doleuze,D E Ferraris,120,1088,10,5-1/2,1.22.80,35,NA,NA,NA,NA,NA,NA
1,6,MY HOME TOWN,H331,D Whyte,J Size,124,1100,7,-,1.10.10,1.9,5,NA,NA,NA,NA,NA
2,12,ROCKET POWER,H136,K L Chui,A S Cruz,112,1129,12,HD,1.10.20,20,1,NA,NA,NA,NA,NA
3,8,CRAIG'S DRAGON,H131,D Beadman,J Moore,123,1207,11,2,1.10.40,4.6,11,NA,NA,NA,NA,NA
4,4,NAMJONG FIGHTERS,G308,B Prebble,D J Hall,126,1123,5,2-1/2,1.10.50,16,8,NA,NA,NA,NA,NA
5,10,BRILLIANT CHAPTER,J100,F Coetzee,P O'Sullivan,120,1107,8,2-1/2,1.10.50,9.4,2,NA,NA,NA,NA,NA
6,7,PLAN B,J123,C Soumillon,S Woods,123,1084,3,3,1.10.60,47,6,NA,NA,NA,NA,NA
7,1,ALWAYS GIGGLE,G086,G Mosse,A Lee,132,1120,1,3,1.10.60,11,7,NA,NA,NA,NA,NA
8,3,KINGIFLY,G020,G Boss,P F Yiu,126,1146,10,3-1/4,1.10.60,16,3,NA,NA,NA,NA,NA
9,11,CHINA WIN,J147,Y T Cheng,Y S Tsui,115,1087,4,3-1/2,1.10.70,48,9,NA,NA,NA,NA,NA
10,14,SUPER FIGHTER,E167,M W Leung,T W Leung,110,1093,2,4-1/2,1.10.90,53,10,NA,NA,NA,NA,NA
11,9,SUPER GENERAL,J107,Z Purton,K L Man,122,1067,6,6,1.11.10,99,4,NA,NA,NA,NA,NA
12,13,LE ROSSIGNOL,G196,C K Tong,C Fownes,110,1210,14,7,1.11.20,28,NA,NA,NA,NA,NA,NA
13,2,GOLDEN CARE,CD18,K T Yeung,A T Millard,125,1106,9,8,1.11.40,99,NA,NA,NA,NA,NA,NA
14,5,MASSIVE STAR,J126,C W Wong,C H Yip,120,1170,13,13-3/4,1.12.30,99,13,NA,NA,NA,NA,NA
1,3,OURAJA,G214,B Prebble,D J Hall,131,1094,7,-,1.22.30,4.4,3,NA,NA,NA,NA,NA
2,8,SUPER CHARGE,CC29,Y T Cheng,A Lee,121,1194,11,2-1/4,1.22.60,33,1,NA,NA,NA,NA,NA
3,7,MAGIC SWEEP,H299,C Soumillon,D E Ferraris,125,1081,9,2-3/4,1.22.70,5.6,12,NA,NA,NA,NA,NA
4,2,CONGRATULATION,H032,F Coetzee,J Size,131,1123,10,2-3/4,1.22.70,8.6,NA,NA,NA,NA,NA,NA
5,11,STAR OF FAME,H043,K T Yeung,A T Millard,114,1132,4,3,1.22.70,24,6,NA,NA,NA,NA,NA
6,4,CALIFORNIA LUCK,G215,K L Chui,A S Cruz,124,1262,3,3-1/4,1.22.70,31,NA,NA,NA,NA,NA,NA
7,9,THUNDER DANCING,G250,O Doleuze,Y S Tsui,123,1095,13,4,1.22.90,34,11,NA,NA,NA,NA,NA
8,14,GREAT SUPREME,J027,D Whyte,C H Yip,117,1196,1,4-1/4,1.22.90,3,7,NA,NA,NA,NA,NA
9,12,MASTER GUNNER,J142,D Beadman,J Moore,119,1030,2,4-3/4,1.23.00,18,10,NA,NA,NA,NA,NA
10,10,TRULLI,H327,Z Purton,K W Lui,122,1042,8,5-1/4,1.23.10,8.2,9,NA,NA,NA,NA,NA
11,5,DIAMOND ERA,E040,E Wilson,K L Man,128,1102,5,6-3/4,1.23.30,99,NA,NA,NA,NA,NA,NA
12,1,WHIPLASH,G072,C K Tong,C Fownes,127,1159,12,7,1.23.40,99,8,NA,NA,NA,NA,NA
13,6,NORTH HILL,J082,G Mosse,A Lee,128,1136,14,10,1.23.90,37,5,NA,NA,NA,NA,NA
14,13,NEW CHAPTER,H314,G Boss,P O'Sullivan,117,1156,6,18,1.25.10,99,14,NA,NA,NA,NA,NA
1,8,PRIME SCORE,G280,C W Wong,D J Hall,117,1204,1,-,1.21.80,9.6,3,NA,NA,NA,NA,NA
2,3,DAO DAO,H308,D Whyte,J Size,127,1279,4,3/4,1.21.90,9.7,9,NA,NA,NA,NA,NA
3,7,GALLANT LION,G243,C Soumillon,C Fownes,122,1108,13,1-1/2,1.22.00,6.3,13,NA,NA,NA,NA,NA
4,13,DIAMOND BRILLIANCE,H002,H W Lai,K L Man,112,1161,14,1-3/4,1.22.00,72,7,NA,NA,NA,NA,NA
5,12,ONE WORLD,H133,D Beadman,J Moore,119,1091,3,3-1/2,1.22.30,4.4,6,NA,NA,NA,NA,NA
6,2,HIGH POINT,H215,G Mosse,C S Shum,130,1101,6,3-1/2,1.22.30,6.8,9,NA,NA,NA,NA,NA
7,1,GOODY,CD23,G Boss,D E Ferraris,130,1069,2,4,1.22.40,72,NA,NA,NA,NA,NA,NA
8,5,VIVA HONG KONG,J097,Z Purton,J Moore,125,1140,7,4-1/4,1.22.40,99,14,NA,NA,NA,NA,NA
9,4,KIMBO KID,CC37,K L Chui,A S Cruz,120,1085,10,4-1/2,1.22.50,70,NA,NA,NA,NA,NA,NA
10,10,O'REILLY RALLY,H266,B Prebble,A S Cruz,120,1122,12,5,1.22.60,3.2,4,NA,NA,NA,NA,NA
11,6,FIRST AMONG EQUALS,CC32,F Coetzee,C W Chang,123,1155,9,5-1/2,1.22.70,16,12,NA,NA,NA,NA,NA
12,11,WALKONTHEWILDSIDE,G033,O Doleuze,P O'Sullivan,120,1083,8,7-1/2,1.23.00,35,9,NA,NA,NA,NA,NA
13,14,MERIDIAN PRIDE,H057,Y T Cheng,A Lee,114,1162,11,8-3/4,1.23.20,38,5,NA,NA,NA,NA,NA
14,9,GLOBAL WIN,G109,S K Sit,D E Ferraris,119,1186,5,17-3/4,1.24.60,99,1,NA,NA,NA,NA,NA
WV,,UPSIDE OF ANGER,H317,---,P O'Sullivan,117,1154,---,-,---,---,NA,NA,NA,NA,NA,NA
1,9,HAPPY ALL AROUND,CD24,F Coetzee,A S Cruz,115,1065,6,-,2.04.30,24,4,NA,NA,NA,NA,NA
2,6,MEATH,E143,Y T Cheng,Y S Tsui,124,1081,11,1-1/4,2.04.50,43,NA,NA,NA,NA,NA,NA
3,3,CHAMPION PIONEER,G305,G Mosse,A Lee,128,1059,1,1-1/2,2.04.50,7.8,10,NA,NA,NA,NA,NA
4,4,DASH,G236,C W Wong,C H Yip,123,1077,5,1-3/4,2.04.60,18,1,NA,NA,NA,NA,NA
5,7,SUPER SURPRISE,H210,C Soumillon,D E Ferraris,126,1105,8,2-1/4,2.04.70,11,6,NA,NA,NA,NA,NA
6,1,WONG'S SUCCESS,E107,D Whyte,K W Lui,133,1086,2,3-3/4,2.04.90,8.3,7,NA,NA,NA,NA,NA
7,5,ELEPHANT DANCE,CA39,O Doleuze,T K Ng,128,1139,7,3-3/4,2.04.90,10,NA,NA,NA,NA,NA,NA
8,8,ROCKALOT,H163,G Boss,P F Yiu,121,981,9,4,2.04.90,1.9,5,NA,NA,NA,NA,NA
9,11,NIGHT HUNTER III,H102,H W Lai,T W Leung,112,1195,4,4,2.04.90,25,11,NA,NA,NA,NA,NA
10,2,CENTENNIAL SMILE,G165,B Prebble,D Cruz,129,1029,10,4-1/4,2.05.00,16,9,NA,NA,NA,NA,NA
11,10,LAZY BUDDIES,CC20,E Wilson,A Lee,115,1167,3,5-1/2,2.05.20,26,8,NA,NA,NA,NA,NA
1,3,LOLLIPOP,H006,Z Purton,C Fownes,126,1131,11,-,1.09.80,21,NA,NA,NA,NA,NA,NA
2,7,TOWKAY FLYER,J036,G Mosse,A Lee,122,1085,9,1-3/4,1.10.10,3.5,6,NA,NA,NA,NA,NA
3,8,MY MELODY,J157,G Boss,C S Shum,121,1231,10,2-1/2,1.10.20,9,3,NA,NA,NA,NA,NA
4,13,MINGS' HERO,J011,C W Wong,C H Yip,114,1074,12,3-1/4,1.10.30,12,7,NA,NA,NA,NA,NA
5,6,SUPER MUSIC,G248,O Doleuze,A Schutz,124,1236,5,3-1/4,1.10.30,31,8,NA,NA,NA,NA,NA
6,5,RAINBOW OASIS,H165,H W Lai,Y S Tsui,123,1184,4,3-1/2,1.10.30,10,12,NA,NA,NA,NA,NA
7,12,LOHAN,H279,M W Leung,B K Ng,114,1075,3,5,1.10.60,90,13,NA,NA,NA,NA,NA
8,2,LADY FIRST,J067,Y T Cheng,T W Leung,124,1061,1,5,1.10.60,49,10,NA,NA,NA,NA,NA
9,14,FULL BLESSINGS,H238,W M Lai,A S Cruz,115,1069,8,5-3/4,1.10.70,7,2,NA,NA,NA,NA,NA
10,11,HAPPEE GIFT,H313,B Prebble,P O'Sullivan,119,1120,6,5-3/4,1.10.70,10,9,NA,NA,NA,NA,NA
11,1,LIFELINE PEGASUS,H067,D Beadman,A T Millard,129,1202,13,6-1/4,1.10.80,4.5,5,NA,NA,NA,NA,NA
12,10,TOUCH LUCKY,H193,E Wilson,C W Chang,121,1151,14,6-1/2,1.10.80,91,14,NA,NA,NA,NA,NA
13,9,OCTAGONAL CANYON,J055,F Coetzee,J Size,121,1057,7,7,1.10.90,25,11,NA,NA,NA,NA,NA
14,4,PERFECT TREASURE,H091,C K Tong,K W Lui,121,1016,2,8-3/4,1.11.20,52,NA,NA,NA,NA,NA,NA
1,6,INDUSTRIAL EXPRESS,H103,D Whyte,J Size,121,1123,4,-,2.04.70,2.6,5,NA,NA,NA,NA,NA
2,7,LONDON EXPRESS,H107,G Mosse,A Schutz,121,1108,1,1-1/4,2.04.90,34,8,NA,NA,NA,NA,NA
3,4,FLORAL NIRVANA,H232,B Prebble,A S Cruz,126,1142,9,1-1/4,2.04.90,4.4,9,NA,NA,NA,NA,NA
4,8,AMSTERDAM,E140,Z Purton,J Moore,118,1047,5,2,2.05.00,32,NA,NA,NA,NA,NA,NA
5,1,FANTASTIC DANCER,J001,M Nunes,S Woods,132,1116,8,2-3/4,2.05.10,16,2,NA,NA,NA,NA,NA
6,2,ELECTRONICS SPUR,E285,G Boss,A S Cruz,127,1106,6,3,2.05.20,13,NA,NA,NA,NA,NA,NA
7,11,SEA TREASURE,CD33,E Wilson,J Moore,115,1122,3,3-1/4,2.05.20,14,6,NA,NA,NA,NA,NA
8,5,COURAGEOUSHEART,CD20,D Beadman,J Moore,123,1138,2,4,2.05.30,20,1,NA,NA,NA,NA,NA
9,3,LOCAL POWER,H296,C W Wong,C H Yip,122,1087,7,4-1/4,2.05.40,3.9,3,NA,NA,NA,NA,NA
10,10,SPARKLING STAR,CD05,S K Sit,Y S Tsui,114,1150,10,5-1/2,2.05.60,28,10,NA,NA,NA,NA,NA
WV,9,SEASONS KNACK,CC24,O Doleuze,K W Lui,117,-,---,---,---,---,NA,NA,NA,NA,NA,NA
1,12,KING OF SPADES,CC05,W M Lai,T K Ng,125,1053,9,-,1.23.00,13,NA,NA,NA,NA,NA,NA
2,8,CHEERFUL HAPPINESS,E220,O Doleuze,T W Leung,129,1091,5,1-1/4,1.23.20,6.9,10,NA,NA,NA,NA,NA
3,10,AURELIAN,CC02,H W Lai,L Ho,124,1143,12,1-3/4,1.23.30,26,3,NA,NA,NA,NA,NA
4,2,LIMONCELLO,H178,K T Yeung,A T Millard,126,1103,8,3,1.23.50,14,NA,NA,NA,NA,NA,NA
5,6,GOLD GEM,G197,D Beadman,J Moore,130,1024,11,4-1/4,1.23.70,16,NA,NA,NA,NA,NA,NA
6,14,SIMPLY THE BEST,E014,P H Lo,D Cruz,110,1134,4,4-1/2,1.23.70,18,6,NA,NA,NA,NA,NA
7,7,KA KA SMART,G042,S K Sit,C W Chang,128,1128,1,4-3/4,1.23.70,4.5,NA,NA,NA,NA,NA,NA
8,4,CHINESE BOY BOY,H157,B Prebble,P O'Sullivan,132,1242,14,4-3/4,1.23.80,12,10,NA,NA,NA,NA,NA
9,1,BATURO,H029,C W Wong,Y S Tsui,128,984,10,5-1/4,1.23.80,16,1,NA,NA,NA,NA,NA
10,3,SOU MA TAM,H253,C Soumillon,C Fownes,133,1186,7,5-1/2,1.23.90,7.3,7,NA,NA,NA,NA,NA
11,13,HELLO GIBRALTAR,H207,M Nunes,P F Yiu,126,919,2,6-1/4,1.24.00,45,NA,NA,NA,NA,NA,NA
12,9,ABLE STANDARD,G043,D Whyte,K W Lui,127,1064,6,6-1/4,1.24.00,7.1,8,NA,NA,NA,NA,NA
13,5,NOT QUITE PERFECT,G254,G Mosse,A Lee,131,1004,3,8,1.24.30,10,4,NA,NA,NA,NA,NA
14,11,GOLD DIGGER,CD10,E Wilson,B K Ng,127,1113,13,10-1/2,1.24.60,90,NA,NA,NA,NA,NA,NA
1,13,KING PRAWN SUPREME,J076,F Coetzee,J Size,118,1190,7,-,1.10.00,5.8,NA,NA,NA,NA,NA,NA
2,10,LUCKY FRUIT,G026,O Doleuze,P O'Sullivan,121,1122,11,1-1/4,1.10.20,12,9,NA,NA,NA,NA,NA
3,8,ALL TIME HIGH,G285,C Soumillon,A S Cruz,122,1280,3,1-1/2,1.10.20,4.7,6,NA,NA,NA,NA,NA
4,7,SOUTH CHINA ELITE,H027,B Prebble,D J Hall,123,1048,2,1-3/4,1.10.30,3.6,7,NA,NA,NA,NA,NA
5,6,FERRO BEAU,G244,D Beadman,C Fownes,125,1093,6,2-3/4,1.10.40,12,5,NA,NA,NA,NA,NA
6,5,NORTH HILL,J082,G Mosse,A Lee,126,1120,14,3,1.10.50,67,12,NA,NA,NA,NA,NA
7,12,MIRACLE FORTUNE,H292,C K Tong,Y S Tsui,115,1023,5,3-1/4,1.10.50,99,11,NA,NA,NA,NA,NA
8,14,SUPER FIGHTER,E167,H W Lai,T W Leung,110,1088,10,4-3/4,1.10.70,60,8,NA,NA,NA,NA,NA
9,3,WIN-A-LOT,J124,M Nunes,S Woods,129,1043,8,5,1.10.80,99,14,NA,NA,NA,NA,NA
10,2,FOREVER FRIENDSHIP,J146,Y T Cheng,K L Man,127,1072,1,5-1/2,1.10.90,28,NA,NA,NA,NA,NA,NA
11,11,SPRING SUN,J128,D Whyte,C S Shum,121,1209,13,5-3/4,1.10.90,4.8,1,NA,NA,NA,NA,NA
12,4,BOOMING CITY,E325,E Wilson,A Lee,127,1202,12,6,1.10.90,18,3,NA,NA,NA,NA,NA
13,9,ENCOSTA DON,H305,W M Lai,D J Hall,120,1115,9,6,1.10.90,99,13,NA,NA,NA,NA,NA
14,1,GRAND COMMANDS,CD30,C W Wong,Y O Wong,127,1238,4,17-1/2,1.12.80,21,NA,NA,NA,NA,NA,NA
1,9,TREASURE COLT,E308,C W Wong,C H Yip,118,1187,6,-,1.23.30,29,NA,NA,NA,NA,NA,NA
2,2,MASCOT FORTUNE,H221,B Prebble,K L Man,130,1088,4,N,1.23.40,2.7,5,NA,NA,NA,NA,NA
3,5,LASER TIGER,G251,O Doleuze,D J Hall,129,1077,13,1-1/4,1.23.50,11,NA,NA,NA,NA,NA,NA
4,14,CLASSIC HORSE,CD37,H W Lai,T W Leung,110,1075,9,1-3/4,1.23.60,30,11,NA,NA,NA,NA,NA
5,13,LUCKY DRAGON,CD32,E Wilson,A Lee,113,1136,8,2-3/4,1.23.80,28,6,NA,NA,NA,NA,NA
6,4,SUPER GOAL MASTER,G220,C Soumillon,C Fownes,130,1115,14,2-3/4,1.23.80,22,12,NA,NA,NA,NA,NA
7,6,MONTE CRISTO,H120,G Mosse,A Schutz,129,1078,2,2-3/4,1.23.80,4.4,7,NA,NA,NA,NA,NA
8,12,CONQUEROR,E270,C K Tong,Y O Wong,113,1141,5,3,1.23.80,57,8,NA,NA,NA,NA,NA
9,10,NATURAL FATCHOY,G282,F Coetzee,A S Cruz,121,1079,3,4-3/4,1.24.10,5.7,14,NA,NA,NA,NA,NA
10,11,A MIRROR,H011,P H Lo,D Cruz,111,1123,7,5,1.24.10,29,NA,NA,NA,NA,NA,NA
11,3,MULTO EXPRESSO,G098,D Beadman,J Moore,130,1098,1,5,1.24.10,19,9,NA,NA,NA,NA,NA
12,7,BILLION,H316,Y T Cheng,K W Lui,125,1156,12,5-1/4,1.24.20,27,10,NA,NA,NA,NA,NA
13,1,POS TRUMPS,H295,D Whyte,P O'Sullivan,133,1119,11,5-1/2,1.24.20,35,2,NA,NA,NA,NA,NA
14,8,BITE MY DUST,H170,G Boss,P F Yiu,124,1060,10,6-1/2,1.24.40,20,4,NA,NA,NA,NA,NA
1,1,SACRED KINGDOM,G268,G Mosse,P F Yiu,126,1188,2,-,1.08.60,1.2,5,NA,NA,NA,NA,NA
2,2,ABSOLUTE CHAMPION,E060,B Prebble,D J Hall,126,1183,5,1-1/2,1.08.80,6,NA,NA,NA,NA,NA,NA
3,3,SCINTILLATION,CC22,G Boss,C S Shum,126,1232,4,2-3/4,1.09.00,30,NA,NA,NA,NA,NA,NA
4,6,ABLE PRINCE,CC34,D Beadman,J Moore,126,1109,3,5,1.09.30,55,2,NA,NA,NA,NA,NA
5,7,PLANET RULER,CB35,O Doleuze,A Lee,126,1150,6,5,1.09.40,70,8,NA,NA,NA,NA,NA
6,4,EGYPTIAN RA,E002,Z Purton,D J Hall,126,1186,1,6-1/4,1.09.60,55,1,NA,NA,NA,NA,NA
7,8,HELENE BRILLIANT,H174,C Soumillon,A S Cruz,126,1160,8,6-3/4,1.09.60,28,6,NA,NA,NA,NA,NA
8,5,MEDIC POWER,G303,D Whyte,P O'Sullivan,126,1171,7,ML,---,10,7,NA,NA,NA,NA,NA
1,4,SPECIAL DAYS,H236,F Coetzee,J Size,126,1180,1,-,1.35.50,1.9,1,NA,NA,NA,NA,NA
2,1,GRAND CRU,G265,D Beadman,J Moore,132,1124,10,1-3/4,1.35.80,12,12,NA,NA,NA,NA,NA
3,2,HOLD HANDS,H116,C K Tong,C Fownes,124,1023,12,2,1.35.90,19,11,NA,NA,NA,NA,NA
4,7,HAPPY MASTER,E050,D Whyte,K L Man,119,1063,11,2-1/4,1.35.90,13,9,NA,NA,NA,NA,NA
5,6,CIRCUIT HERO,G304,O Doleuze,A Lee,122,1077,3,2-1/2,1.35.90,9.1,3,NA,NA,NA,NA,NA
6,5,MAINLAND SHUTTLE,G315,G Mosse,A Lee,123,1102,4,2-1/2,1.35.90,6.7,7,NA,NA,NA,NA,NA
7,8,LIVERBIRD,E055,G Boss,C S Shum,119,1147,5,2-1/2,1.35.90,16,6,NA,NA,NA,NA,NA
8,9,SILVER MARK,E226,S K Sit,D J Hall,116,1162,9,3-1/2,1.36.10,14,NA,NA,NA,NA,NA,NA
9,10,RIGHT FRAAR,E024,M Nunes,J Size,117,1103,8,3-1/2,1.36.10,64,NA,NA,NA,NA,NA,NA
10,12,WAIT FOR ME,E332,C W Wong,C H Yip,110,1104,2,4-1/2,1.36.30,27,5,NA,NA,NA,NA,NA
11,3,HERE WE GO,H247,B Prebble,A S Cruz,126,1191,7,4-3/4,1.36.30,27,2,NA,NA,NA,NA,NA
12,11,EQUATOR KID,CC13,M W Leung,Y S Tsui,111,1152,6,9-1/2,1.37.10,73,NA,NA,NA,NA,NA,NA
1,1,GREEN BIRDIE,H245,O Doleuze,C Fownes,126,1080,4,-,1.48.60,6.1,9,NA,NA,NA,NA,NA
2,3,HELENE MASCOT,J164,F Coetzee,A S Cruz,126,1204,2,3/4,1.48.70,3.9,4,NA,NA,NA,NA,NA
3,5,GREAT GUY,H112,S K Sit,A S Cruz,126,1050,5,1-3/4,1.48.90,73,2,NA,NA,NA,NA,NA
4,12,WIN PRACTITIONER,G180,C Soumillon,C Fownes,126,1092,12,1-3/4,1.48.90,6.7,10,NA,NA,NA,NA,NA
5,8,LUCKYME,H012,Y T Cheng,A S Cruz,126,1113,13,2-1/2,1.49.00,16,1,NA,NA,NA,NA,NA
6,13,DANESIS,H194,W M Lai,A S Cruz,126,1292,3,3,1.49.00,26,5,NA,NA,NA,NA,NA
7,2,NEVER LOOK BACK,J043,G Mosse,P O'Sullivan,126,1122,10,4,1.49.20,8,12,NA,NA,NA,NA,NA
8,9,LU YUE,H278,B Prebble,C H Yip,126,1192,8,6-1/4,1.49.60,5.6,3,NA,NA,NA,NA,NA
9,4,AMBITIOUS GENERAL,J066,Z Purton,D J Hall,126,1122,7,8-1/4,1.49.90,47,7,NA,NA,NA,NA,NA
10,6,FEARLESS,H301,D Whyte,D E Ferraris,126,1125,11,8-1/2,1.49.90,12,6,NA,NA,NA,NA,NA
11,7,HORACE'S CHOICE,H169,G Boss,C Fownes,126,1139,6,11,1.50.30,10,11,NA,NA,NA,NA,NA
12,11,EYSHAL,J099,D Beadman,J Moore,126,1176,1,12-1/2,1.50.60,36,13,NA,NA,NA,NA,NA
13,10,VISIONARIO,J095,E Wilson,S Woods,126,1058,9,14-3/4,1.50.90,99,8,NA,NA,NA,NA,NA
1,7,GALLANT LION,G243,F Coetzee,C Fownes,122,1101,9,-,1.22.20,14,13,NA,NA,NA,NA,NA
2,9,ENTHUSED,H303,D Whyte,J Size,121,1226,4,1-1/4,1.22.40,2.6,7,NA,NA,NA,NA,NA
3,11,GALEN WIN,J065,B Prebble,D J Hall,120,1087,10,1-1/2,1.22.40,5.6,2,NA,NA,NA,NA,NA
4,8,LUCKY HERO,H135,D Beadman,J Moore,122,1102,7,2,1.22.50,4.7,1,NA,NA,NA,NA,NA
5,4,HE CAN TANGO,G288,O Doleuze,P O'Sullivan,123,1183,5,2-3/4,1.22.60,16,11,NA,NA,NA,NA,NA
6,10,JIANG JUN,E281,C W Wong,C H Yip,116,1110,11,3-1/4,1.22.70,42,14,NA,NA,NA,NA,NA
7,13,ISLAND SUPER,H297,G Boss,C S Shum,118,1051,1,3-3/4,1.22.80,9.6,8,NA,NA,NA,NA,NA
8,6,FIRST AMONG EQUALS,CC32,Y T Cheng,C W Chang,120,1163,8,5,1.23.00,33,12,NA,NA,NA,NA,NA
9,2,HELENE PILLAGING,CC08,K T Yeung,S Woods,121,1213,3,5-1/4,1.23.00,99,NA,NA,NA,NA,NA,NA
10,1,REGENCY DRAGON,H001,C Soumillon,D E Ferraris,129,1225,14,6-1/2,1.23.20,23,9,NA,NA,NA,NA,NA
11,14,WEI HAI INVINCIBLE,H258,M Nunes,A T Millard,118,1118,13,7,1.23.30,42,6,NA,NA,NA,NA,NA
12,3,FOKINE,E072,Z Purton,P O'Sullivan,123,1054,6,8,1.23.40,99,10,NA,NA,NA,NA,NA
13,12,FLUKE,J061,G Mosse,A S Cruz,120,1088,12,8-1/4,1.23.50,19,3,NA,NA,NA,NA,NA
14,5,DOWN THE WICKET,H059,H W Lai,A Lee,119,1107,2,17-1/4,1.24.90,73,4,NA,NA,NA,NA,NA